Frame,Fish1_X,Fish1_Y,Fish2_X,Fish2_Y,Fish3_X,Fish3_Y,Fish4_X,Fish4_Y,Fish5_X,Fish5_Y,Fish6_X,Fish6_Y,Fish7_X,Fish7_Y,Fish8_X,Fish8_Y
0,1366.388454,413.8267358,1072.861505,653.0753645,768.2614083,734.4324905,1483.442387,862.2659501,1014.434333,275.8433009,1333.415015,784.0473041,1206.214802,818.4768981,1079.856763,537.0874236
1,1366.388454,418.5639516,1082.02865,655.0545122,768.2614083,734.4324905,1488.951074,868.9426297,1014.434333,277.5548283,1333.415015,789.5204535,1206.214802,818.4768981,1079.856763,539.9164927
2,1366.388454,420.9440989,1092.785569,655.0545122,769.3109723,734.4324905,1493.709211,872.3984349,1014.434333,278.5705171,1333.415015,793.3581729,1206.214802,818.4768981,1079.856763,544.0696628
3,1361.871311,421.7696284,1104.309296,655.0545122,769.3109723,731.316081,1497.879849,874.0742063,1010.402415,278.9768678,1328.818685,795.7513863,1200.19294,814.7462424,1076.622724,548.867977
4,1356.941671,421.8429908,1115.776863,648.0237645,769.3109723,725.2183973,1501.626042,875.4107845,1006.483237,278.9768678,1323.649781,796.2738264,1194.516298,814.2527587,1072.817804,553.7316414
5,1351.688707,421.9666367,1126.365305,640.2903361,775.4545482,716.2571921,1505.110842,877.84901,1002.674336,278.9768678,1318.369197,796.2738264,1189.081048,813.5593264,1069.293446,558.4775148
6,1346.211564,422.7556773,1135.449641,634.0163523,786.0978483,705.3859526,1508.497303,882.1682668,998.9732494,278.7435179,1313.356517,796.2738264,1183.783361,809.1886086,1066.901091,563.0216191
7,1340.649257,424.0758658,1143.196832,628.4046042,798.8270597,695.6355273,1511.948477,886.5021114,995.3775141,278.7435179,1308.666072,796.2738264,1178.519408,803.3735907,1066.111892,567.3269097
8,1335.150772,425.605616,1149.971827,623.2886201,810.5385826,689.5891247,1515.605888,888.9132523,991.8846673,278.7435179,1304.270878,796.2738264,1173.18536,799.094376,1065.875857,571.5440762
9,1329.865095,427.0233415,1156.139574,622.4024374,818.9196601,685.8837633,1519.524945,889.8268311,988.4922461,279.0851097,1300.143954,796.5841338,1167.677388,796.6092186,1064.762705,575.8707421
10,1324.941211,428.007456,1162.065021,622.137296,824.8209056,681.876417,1523.73953,890.2585981,985.1965218,279.9795813,1296.258316,798.0956795,1161.920363,795.2715216,1062.142036,580.5045306
11,1320.477025,428.4414922,1168.048138,620.6993635,829.6328031,675.6569492,1528.180961,891.223586,981.9887023,281.0908301,1292.56271,799.0873979,1155.953954,793.5371358,1062.142036,585.643065
12,1316.366122,429.0294578,1174.128977,620.228042,833.7419462,668.5598466,1532.370301,893.7339581,978.8587298,282.1040197,1288.908788,799.6259363,1149.846532,790.6261796,1062.142036,591.4839687
13,1312.451009,430.6804798,1180.28261,620.228042,837.2839563,662.7307517,1535.947953,893.7339581,975.7965464,282.986185,1285.12393,800.0184839,1143.666466,788.8208336,1070.046336,597.953938
14,1308.574191,433.9283617,1186.484112,617.6851087,840.3944546,659.1455137,1539.441933,896.6397568,972.7920944,284.8318475,1281.269504,800.5722299,1137.482125,787.821686,1082.142976,603.8959609
15,1304.578172,437.8056139,1192.708555,617.4994963,843.2090625,654.1008085,1543.60216,897.4515502,969.8353157,288.5635631,1278.342833,801.5943637,1131.359638,786.682138,1095.699673,607.8820987
16,1300.351381,441.1721308,1198.931013,620.228042,845.8284481,644.8103142,1548.840621,898.5102944,966.9161527,293.2885394,1276.959597,803.2610995,1125.356169,785.4370926,1108.489085,607.8820987
17,1295.96593,443.6986373,1205.126559,618.7074578,848.2134672,636.8348911,1554.217586,902.4398554,964.0245473,297.6601471,1275.272944,805.2247511,1119.526642,784.3668278,1120.303624,607.8820987
18,1291.539853,445.2585655,1211.270266,618.7074578,850.2900228,633.6510491,1558.734121,904.261358,961.1504419,300.3317567,1271.615139,807.0066574,1113.92598,783.7516216,1131.440643,606.3093033
19,1287.191185,446.0518462,1217.337207,618.7074578,851.9840175,626.5336474,1562.506194,905.6215839,958.2831471,300.8511553,1267.497432,807.5026836,1108.583593,783.6987652,1142.076868,605.0685376
20,1283.03796,447.5844058,1223.302455,620.1924565,853.3341263,618.9971758,1565.9285,906.4085821,955.4094482,302.3437954,1264.599593,807.5026836,1103.426832,783.6236021,1151.906519,604.8772114
21,1279.214879,451.1969514,1229.146803,620.1924565,854.8301116,612.9552085,1569.395735,907.6530681,952.5154991,306.9331725,1262.096492,807.5026836,1098.357537,782.7684887,1160.50319,604.8772114
22,1275.923313,456.2633174,1234.873913,620.1924565,857.0745081,608.8003568,1573.302594,912.457763,949.5874537,310.5723306,1258.536771,806.2110493,1093.277546,780.6174323,1167.440476,604.8772114
23,1272.661054,458.4895059,1240.493169,619.4832589,860.318625,605.0543064,1577.85926,916.5350954,946.611466,312.9781071,1253.086976,804.6559921,1088.088698,777.6210442,1172.29197,605.8580425
24,1267.555714,459.8582862,1246.013952,620.1924565,863.4088699,596.813053,1582.537881,918.945569,943.5736897,315.1286676,1247.385268,803.1293936,1082.730081,774.397479,1174.631266,607.294985
25,1267.555714,465.8047727,1251.445645,621.0397191,865.3419919,590.8682384,1586.626093,920.2113717,940.4602789,316.273567,1243.17816,801.8914007,1077.289784,771.2684611,1177.512396,609.0498008
26,1267.555714,474.3640427,1256.797631,619.762608,867.1210087,587.4075817,1589.730784,920.8546913,937.2573873,316.273567,1240.173956,801.1141975,1071.893145,768.4816071,1188.443874,610.5901612
27,1269.88966,481.2469318,1262.079291,619.762608,870.2505051,583.953318,1592.735858,921.3977157,933.951169,317.3873225,1237.571412,801.1141975,1066.6655,766.2845338,1199.261974,622.8021547
28,1272.861459,487.7482947,1267.300007,619.762608,875.4930587,578.8973724,1596.652961,921.3977157,930.5299685,317.7704992,1234.569282,801.1141975,1061.68984,764.8426449,1201.4085,622.8021547
29,1273.652825,497.6144057,1272.469163,617.9643792,880.6432188,574.1104294,1601.727703,921.3977157,926.9908936,317.7704992,1230.782502,802.0908303,1056.879758,763.9924918,1202.196008,625.5782595
30,1278.9557,506.9973099,1277.59614,616.2818652,882.9037314,571.4068251,1608.014184,919.5769967,923.3332427,320.9023986,1227.664961,803.4063541,1052.106501,763.488413,1203.062659,626.9238723
31,1281.347823,511.9525427,1282.685225,615.2207987,883.0561907,568.8967421,1615.44037,906.3424957,919.5563143,323.7100433,1227.490741,804.673426,1047.241315,763.0847468,1208.659934,628.9375332
32,1282.785661,516.9038229,1287.720322,615.055232,888.7839574,563.7643244,1623.429708,890.6124536,915.7749078,325.4901091,1226.38985,804.673426,1042.155445,762.5358317,1210.317457,625.5782595
33,1282.785661,525.0060113,1292.680238,615.055232,892.9384441,556.5240169,1631.279509,877.9177396,912.5658255,328.4656055,1225.038662,804.673426,1036.795386,761.6288768,1210.695822,628.9763103
34,1281.347823,529.0812341,1297.54378,615.055232,894.5396318,554.6612192,1638.110771,858.003214,912.5658255,331.0619316,1216.223664,804.2070199,1031.408632,760.2825753,1212.688813,629.036979
35,1280.729794,531.0342392,1302.289757,615.5067037,895.2542895,548.3292564,1642.339236,844.9046815,912.5658255,331.8209766,1216.123196,800.6824806,1026.317926,758.4484912,1212.688813,630.577907
36,1280.102463,534.8418447,1306.914572,615.9618974,896.0072035,540.2856707,1643.269245,829.8272096,912.9428898,346.075441,1212.749369,794.4995895,1021.846011,756.0781885,1220.424957,631.6783924
37,1279.155916,540.3256215,1311.485009,615.9618974,897.5376643,535.9430642,1643.809263,821.1762295,916.4774626,352.5625014,1206.266827,787.4931138,1018.211336,752.8589411,1238.046424,631.6783924
38,1274.886449,546.2683291,1316.085447,615.9618974,900.5849624,532.3798136,1645.310549,813.4278796,919.8138615,360.1775167,1201.803315,781.6303621,1015.215189,747.4208635,1241.925396,631.6783924
39,1274.511644,551.4527267,1320.800266,615.8521596,905.6534886,526.5595656,1648.251742,802.1175093,921.8587924,370.6155416,1198.868172,777.1344085,1012.554563,739.4051504,1249.131559,623.4589046
40,1274.093789,555.1267473,1325.682765,614.8975256,912.308034,526.5595656,1652.243131,797.92405,922.8406016,379.8258353,1195.591253,773.792268,1009.92645,732.4205731,1250.471049,621.9065455
41,1271.200457,558.3990173,1330.66192,613.6353985,919.8784899,526.1358172,1656.677917,785.5268774,922.8406016,385.1255917,1190.642296,771.3909558,1007.027846,726.8156492,1268.541536,605.8051733
42,1263.594236,561.1006119,1335.635625,612.3536234,927.6947477,525.4968479,1660.9493,779.3116162,922.8406016,389.5137503,1184.850582,769.7174871,1003.62854,721.9195775,1271.809526,603.7147439
43,1262.962668,566.5491645,1340.440948,611.3400454,935.0866986,525.4968479,1664.639735,772.6841342,921.9065079,396.0793074,1179.33102,768.558877,999.789505,717.5199036,1279.62878,603.3840259
44,1258.639295,570.1770629,1344.671644,610.8825096,941.7274785,521.0840299,1668.088691,764.5918216,919.9912049,402.5897425,1174.181499,767.7021408,995.6445117,713.5187601,1287.355279,595.8689679
45,1257.417695,572.5295545,1347.972621,610.4134162,948.6632021,515.5104444,1671.824893,757.697171,917.1578366,406.7167825,1169.24565,766.9342934,991.3273297,709.8182792,1294.95178,589.6488312
46,1243.627643,575.0115866,1350.436705,605.9433847,956.0820418,510.240561,1676.080019,753.2007417,913.76125,411.0706623,1164.367106,766.0423502,986.9509649,706.3356435,1302.387638,585.1822838
47,1240.931409,578.9353909,1352.268702,594.9901788,960.7563742,506.0031141,1679.897567,746.4553596,910.25277,417.6351656,1159.389502,764.8133263,982.545368,703.0482348,1309.658596,581.1170537
48,1238.118996,583.2987926,1353.673419,583.491905,963.8131931,500.583896,1682.445304,736.8765852,906.9465702,422.5984513,1154.20416,764.8133263,978.1197261,699.9484851,1316.766995,577.0894457
49,1234.521704,586.9633913,1354.855661,575.6292093,967.3292765,492.154262,1684.576245,735.1060775,903.6082187,426.8823549,1148.893177,763.6576401,973.6832261,696.9236354,1323.715175,573.0980665
50,1230.83195,590.3828815,1356.132761,573.0478373,971.6247369,483.3707597,1687.564723,724.8284809,899.9683183,432.3442659,1143.586338,763.5642179,969.2450549,693.4401633,1330.505476,569.1415229
51,1227.367819,593.7150776,1358.272164,570.7385985,976.5805203,478.0112353,1691.94635,717.2626867,896.1662146,437.9890344,1138.413429,763.5642179,964.8143995,689.2350668,1337.140239,565.2184217
52,1224.35381,597.0438238,1362.15384,563.6879429,982.0775726,475.9279756,1692.194445,712.1256791,892.4434393,442.6963529,1133.504238,759.3869661,960.4004468,685.5481899,1343.621804,561.3273697
53,1222.014424,600.4529644,1368.303657,559.5432573,987.9968398,467.9877665,1692.194445,704.8761799,889.0415239,447.6978195,1128.946926,755.3354865,956.0123838,684.6083489,1349.224537,560.5460046
54,1220.574161,604.0263437,1375.831069,558.5062097,994.2192679,463.7575855,1692.194445,696.4503796,886.2863178,454.2572294,1124.663156,752.0973965,951.6593974,684.0437383,1349.952511,559.5616418
55,1220.417519,607.9541061,1383.491427,557.906522,1000.625803,462.556373,1687.516535,689.153836,886.2863178,461.4152592,1120.532965,749.7363345,947.3473833,681.5164059,1362.170714,558.7302761
56,1220.2592,612.851596,1390.297662,555.6327401,1007.09739,460.1103496,1682.102315,683.6180061,886.2863178,467.6568057,1116.436393,748.3159391,943.0690725,675.9812552,1362.274668,558.7302761
57,1220.128796,619.4404582,1396.293035,551.8087082,1013.514977,454.7396277,1675.539914,676.0413529,888.8694303,472.2856316,1112.278366,748.0874851,938.8139048,671.4440261,1371.466973,557.9042321
58,1220.055898,628.4423372,1401.778388,547.117095,1019.778936,447.3916561,1668.352834,668.9529029,895.8381718,477.880962,1108.063369,747.9860243,934.5713199,670.1406739,1372.514932,557.9042321
59,1218.817797,637.6338359,1407.054564,542.240569,1025.867352,444.4810032,1664.001599,662.9492044,905.9379119,486.2547636,1103.820776,747.8857312,930.3307576,669.4864566,1382.596418,557.0031742
60,1217.111927,639.0390662,1412.370128,537.6923658,1031.777736,443.742846,1659.811686,657.5778335,914.0731706,492.8745075,1099.579961,747.8857312,926.1471319,666.5334444,1383.329876,549.6126411
61,1215.538313,642.0526551,1417.764545,533.3079878,1037.507603,439.1906879,1655.627363,652.3863663,916.4180669,494.6673542,1095.370299,747.1455088,922.3372541,661.7016533,1393.144752,545.9473364
62,1214.527157,647.2821674,1423.225003,528.7535048,1043.054462,432.7183409,1652.254854,646.9965196,918.8994504,498.759218,1091.19003,747.1455088,919.2834099,656.2530863,1393.960357,544.6035366
63,1213.829363,653.0034531,1428.738688,523.8120386,1048.420972,427.5801207,1649.686857,641.3265729,925.5891161,506.5172167,1086.912865,746.6035072,919.2834099,651.4497458,1398.223058,544.6035366
64,1213.688336,658.1189949,1434.292789,518.7349222,1053.63037,423.7271385,1647.712686,635.3689465,928.3798203,513.8575388,1082.38138,746.5174465,919.2834099,647.6916731,1398.272564,544.268103
65,1213.688336,662.574374,1439.874494,513.9010844,1058.711038,420.2847043,1646.121656,629.1160604,932.2563494,517.635479,1077.438152,746.5174465,920.4217523,641.9310638,1398.786095,540.9730724
66,1213.688336,666.5759457,1445.47099,509.7316272,1063.691359,416.5458269,1644.703082,622.560335,936.8359258,521.9291883,1072.059741,742.6128863,927.6167302,632.2599419,1412.678369,537.7170265
67,1215.894444,670.3300658,1451.069465,506.6581965,1068.599714,412.4743112,1643.287584,616.0424482,939.7130316,530.4878095,1066.758634,739.8131021,935.4999893,623.4149489,1418.799212,534.7748659
68,1220.107191,674.0430897,1456.657107,504.4116718,1073.470711,408.2457589,1641.871001,611.2961097,939.7130316,538.5215984,1062.181305,737.8166292,943.1619654,616.6843469,1422.686626,530.2786939
69,1226.817232,677.6581653,1462.221104,499.9198701,1078.363857,404.2121651,1640.49048,606.9651897,939.7130316,543.4501456,1058.690118,736.3220032,950.5321128,611.8521744,1425.726772,527.4279954
70,1236.36565,677.6581653,1467.74363,495.00937,1083.344884,400.769623,1639.183164,595.6611066,940.387445,554.5568187,1055.511016,735.0277592,957.2974029,608.1357442,1429.850977,526.3736281
71,1248.702963,677.6581653,1473.186804,493.811576,1088.479523,398.3142259,1637.986199,590.1262371,940.387445,563.3059484,1051.8042,733.6967319,963.0841866,604.6106879,1449.292475,521.4054393
72,1262.319051,676.2772522,1478.50773,488.7452222,1093.833507,397.7333253,1636.913838,584.54999,942.5215208,565.7862859,1047.603347,732.3489513,967.5188146,600.3526368,1452.293556,518.03513
73,1275.158844,670.4029593,1483.663516,483.531255,1099.439193,397.5619255,1635.888763,577.6905884,945.7727148,573.195833,1043.160501,731.0687469,970.2476559,595.1256411,1455.400896,512.3642239
74,1285.592068,664.1290154,1488.611265,480.8496094,1105.195436,397.2420669,1634.810765,571.2761327,947.5167001,576.9505888,1038.727706,731.0687469,970.3607101,591.4474256,1463.91171,518.03513
75,1293.879411,661.1607567,1493.308084,478.5537918,1110.856811,396.3611796,1633.579634,566.4579943,947.5167001,584.2240507,1034.508761,731.0687469,970.9971518,589.7308334,1465.011561,514.1562332
76,1300.754304,661.1607567,1497.711077,476.1729596,1115.734254,394.1812159,1632.09516,562.0806273,952.209547,593.0234812,1030.514492,734.7460445,971.2659366,583.0394684,1465.011561,514.1562332
77,1306.950177,661.1607567,1501.777351,473.6551831,1119.352209,392.0816761,1630.302068,556.7893414,952.4025254,594.1002922,1026.707476,734.7460445,973.2729969,576.9394823,1463.91171,514.1562332
78,1313.077744,662.1476424,1505.46401,470.9485324,1122.532776,389.4300451,1628.324817,550.7397864,952.7344587,601.715095,1023.050294,734.7460445,975.1459167,575.2368262,1463.91171,514.1562332
79,1319.256852,663.2627489,1508.768803,468.0262871,1126.422471,385.2136186,1626.332798,544.4651966,956.1935895,609.2683757,1019.505526,733.2903992,976.6785515,566.2529947,1470.859258,513.9672368
80,1325.484635,665.8630918,1511.852052,464.9625644,1131.440764,383.960543,1624.495406,538.4988068,958.0485007,609.9877776,1016.033029,732.3781212,977.9222142,557.2091791,1469.22638,511.4470075
81,1331.758222,665.8630918,1514.91472,461.8566905,1135.09894,381.3751191,1622.941969,533.2301592,963.0921308,613.4839248,1012.581778,731.8307383,978.9282177,550.4790979,1470.859258,508.1045231
82,1338.074747,667.8911294,1518.157772,458.8079918,1135.82398,378.3926551,1621.641565,528.4740278,966.8076471,617.6776582,1009.098022,731.4648478,979.7478749,545.5115525,1483.92609,503.2628037
83,1344.423934,669.9413859,1521.782173,455.7403605,1138.613838,370.9233286,1620.52321,523.9014944,967.9328247,622.9896109,1005.528014,731.097047,980.4324987,541.7553444,1485.93996,492.764071
84,1350.765874,670.0331438,1525.871687,452.1388019,1146.300399,368.3353878,1619.515919,519.1836407,968.8078999,629.9133441,1001.818006,730.5439332,981.0334021,538.6592752,1487.249075,479.9494161
85,1357.053254,672.9087705,1530.041282,448.3642857,1150.072101,366.0399933,1618.548706,513.9915485,971.5522747,636.9362333,997.9753683,729.6733924,981.6018978,535.6721462,1487.249075,469.4242219
86,1363.265797,678.9481054,1533.788726,445.0406313,1151.675804,364.9617073,1617.637706,508.2070018,974.0344556,642.4924361,994.251949,728.5584653,982.1892989,532.242759,1490.06488,468.0972596
87,1369.491392,679.4994509,1536.798285,442.5599871,1155.193429,363.8660332,1617.637706,502.5545936,975.6945644,646.9626197,990.960716,727.3234814,982.8469182,527.8199152,1490.06488,457.5400311
88,1375.818232,680.7063566,1539.500213,440.387817,1159.679895,358.3481378,1617.637706,497.9696189,977.834482,651.2140785,988.2914464,726.0927702,983.6260687,521.8524161,1490.06488,451.5714718
89,1382.227578,682.6507603,1542.511262,437.7579136,1163.460364,352.62843,1619.23664,493.2595693,981.2958738,656.1141072,985.9411556,724.9906613,984.5780631,514.3537505,1497.130177,439.8842387
90,1388.673959,682.6507603,1544.064857,434.1364332,1166.844722,352.4295277,1622.719385,483.9713799,985.0795418,662.53,983.3413663,724.141484,985.7542145,507.6518768,1499.524433,423.4507427
91,1395.111903,682.6507603,1544.064857,429.9189862,1170.176873,351.2043507,1627.847645,479.6770701,988.5680946,662.53,979.3543911,724.141484,987.2058358,507.6518768,1501.856766,419.7228911
92,1401.495939,683.1626056,1544.064857,425.5446282,1173.637537,349.7832557,1632.161831,475.8003412,994.5122316,662.53,973.8736971,724.141484,988.9842398,507.6518768,1504.129516,415.9713596
93,1407.859096,683.3302959,1537.592686,420.6967429,1177.247673,349.7832557,1634.169682,467.2638763,1006.504675,662.2681167,973.6838443,724.3548375,990.5434422,508.0540169,1506.345023,412.194755
94,1414.548415,683.4637792,1528.907099,414.8697957,1180.988301,347.8741143,1637.05172,462.4621452,1016.011982,651.2535688,972.629387,726.2724692,993.2293432,508.0540169,1508.505627,408.391684
95,1421.655699,683.6783898,1527.031342,407.8946618,1184.840437,344.0813147,1639.435702,458.445878,1029.966911,647.2337799,971.6956235,732.1354036,993.6431337,508.0540169,1510.613669,404.5607534
96,1427.937806,684.0894618,1524.785535,400.9478548,1188.74163,340.6372489,1639.482312,450.8382605,1035.551166,641.0464358,972.629387,743.5771351,995.4960363,502.3046159,1512.67149,400.70057
97,1432.409442,684.7979839,1524.785535,395.1836304,1192.455548,337.7763498,1639.586295,445.2447658,1041.138849,637.6653723,972.629387,756.6450926,998.1361259,497.4931571,1514.681429,396.8097405
98,1436.451644,685.8475624,1524.785535,390.3215728,1195.702388,335.588834,1642.168624,443.6729035,1045.138381,628.9755457,981.7119774,768.4658172,999.3391748,495.8943014,1516.645828,392.8868718
99,1442.037034,687.267458,1526.065056,385.7225986,1198.436458,334.1649185,1645.521139,433.8774892,1056.49053,627.2914283,992.2002488,777.2614139,1000.705379,493.527771,1518.567026,388.9305705
100,1449.547693,689.0869315,1527.584394,380.747624,1201.548501,334.1649185,1647.518448,430.4903482,1058.321988,624.671819,1003.525973,782.9955732,1004.230175,493.5035183,1520.447363,384.9394436
101,1455.018219,691.3352437,1529.196485,375.1338701,1205.960154,334.1649185,1648.495381,428.2037719,1062.733075,622.3356761,1019.948211,786.0673817,1005.036694,493.0078157,1522.289181,380.9120976
102,1460.166363,693.8743956,1530.81284,370.1237754,1211.780181,335.3884598,1649.401822,419.344127,1068.847355,621.3848307,1035.991567,786.2567975,1005.549398,489.3761704,1524.094819,376.8471395
103,1465.584442,694.4974709,1532.35961,366.2339851,1218.91413,337.9484687,1651.187656,415.696005,1075.788391,620.9178471,1045.908657,786.7916018,1005.647009,487.2653928,1525.866618,372.743176
104,1471.079744,694.4974709,1533.762946,360.822726,1225.54067,341.5208112,1654.802766,414.4961645,1082.679746,620.6125056,1052.598602,786.8759263,1005.647009,481.2791333,1527.606919,368.5988139
105,1476.459559,694.4974709,1534.949,355.146021,1227.452253,345.0630129,1660.347209,410.5055257,1088.858977,620.9178471,1059.428032,791.4984495,1005.647009,478.360158,1529.318061,364.4126598
106,1481.531174,689.1260438,1536.510469,350.9724452,1233.166535,347.5437442,1666.259985,403.0805783,1094.519627,621.3848307,1064.149444,795.0221631,1005.153544,478.354586,1529.318061,360.1833207
107,1486.173399,680.0075431,1539.449885,347.1208898,1241.190014,348.8378984,1674.216799,400.238655,1100.069232,623.211537,1067.470526,797.7827438,1005.153544,478.3326967,1529.318061,355.9094033
108,1490.551124,669.4992484,1540.037903,341.672825,1246.396078,348.8378984,1678.760037,399.1461413,1105.915327,626.5402693,1070.859102,798.3279057,1005.153544,475.4915939,1525.68247,350.0227016
109,1494.900759,660.6247544,1541.657141,336.643473,1247.046127,348.8378984,1681.943205,396.9516317,1112.320454,626.5402693,1074.174236,805.9915332,1005.439636,470.4763378,1518.682912,344.8720414
110,1499.458716,655.4601387,1542.008558,329.6394913,1252.009717,347.7723527,1687.235711,392.1992212,1118.967164,626.5402693,1077.285228,808.8959924,1006.136874,465.4120496,1508.532272,339.6726233
111,1504.461403,652.2914095,1546.160376,329.5682228,1259.59069,346.2345497,1693.392939,386.4603571,1125.393016,626.5062047,1081.711083,808.8959924,1006.186815,462.1209991,1501.500142,334.4230539
112,1510.107266,648.9676237,1548.973645,322.2902426,1261.638571,344.3902143,1697.991767,382.0633247,1131.135567,623.6724592,1088.778307,808.8959924,1008.887648,460.5547716,1496.805454,333.8223785
113,1516.442885,645.3801016,1548.973645,318.5761791,1265.493906,342.4050714,1699.627834,380.141903,1136.118746,619.994039,1097.393701,798.4617234,1012.94035,460.5547716,1495.233957,330.0351398
114,1523.476871,641.9307291,1548.973645,317.3015088,1271.142651,340.4448457,1700.971816,377.0518462,1141.81198,616.0012413,1105.85914,787.3618796,1017.743138,460.5547716,1488.953927,323.0599446
115,1531.217839,639.0213921,1549.816288,310.6081108,1276.06579,338.6492103,1704.622928,370.1279156,1148.313657,612.2676331,1112.933905,778.8300516,1022.767907,461.1107126,1488.130038,319.1626509
116,1539.600678,636.8957111,1549.777342,304.0876563,1280.281086,337.0536306,1708.819493,365.5110075,1151.651303,609.3667812,1119.206886,772.9992703,1027.781277,461.748714,1485.801767,316.7750526
117,1548.265387,635.1642442,1549.777342,301.0555168,1284.440495,335.6675203,1711.450375,365.3989256,1156.294605,608.9495484,1125.573859,769.2589814,1032.623547,462.3296129,1485.801767,310.4119117
118,1556.778241,633.2792838,1551.523029,301.0292318,1289.023487,334.5002931,1713.367466,357.9125329,1163.129748,608.9495484,1132.328524,767.1248493,1037.135017,462.5613519,1485.756797,309.4727118
119,1564.705517,630.6931224,1551.793486,300.6381509,1293.819585,333.5613627,1715.849512,353.3108309,1171.407348,608.9495484,1139.614062,766.1440934,1041.155986,462.5613519,1485.735041,302.3184187
120,1571.613489,626.8580525,1553.07764,295.6579317,1298.46085,332.8405834,1718.919632,351.8657773,1180.37802,611.5805096,1147.401314,765.8639327,1044.5619,462.5613519,1483.899081,298.6211012
121,1577.16143,622.9861252,1554.640539,290.613629,1302.639459,332.249572,1722.287036,346.5530828,1189.292381,614.6465877,1154.971764,765.8315866,1047.368783,461.7454981,1483.541962,292.9115312
122,1581.380608,621.0288839,1556.214065,285.5038495,1306.062616,331.6803859,1725.618842,339.6506594,1197.562904,617.243303,1161.680913,765.68392,1049.627805,460.2883704,1479.094811,288.421728
123,1584.395284,610.3083894,1557.80056,280.5726797,1308.81295,331.0250827,1728.413789,334.8802445,1205.249502,619.0908624,1167.869688,765.4163801,1051.390138,458.0731345,1476.969308,285.7795591
124,1586.329723,604.8670536,1559.396198,276.7352542,1312.474791,330.1757197,1730.379825,331.0897677,1212.573946,619.0908624,1174.125372,765.11406,1052.740958,455.1012619,1476.560959,281.726323
125,1587.308187,593.1469361,1560.972492,273.9087078,1317.994092,329.1576571,1732.230105,327.8856612,1219.758007,619.0908624,1180.930185,764.8620526,1053.901475,451.8474466,1475.905846,274.1883639
126,1587.740031,588.9139202,1562.494791,271.6993052,1322.261593,329.1576571,1734.929085,325.0639832,1226.967152,618.9605324,1188.346089,764.745451,1055.126906,448.9046884,1474.722371,270.2027391
127,1589.174977,579.2000497,1563.928441,269.6478938,1323.712947,329.1576571,1738.983076,322.4207916,1234.14162,616.9822407,1196.103164,764.7152568,1056.672466,446.7475338,1473.149516,269.2834443
128,1593.447834,572.6736621,1565.238792,267.0336504,1328.46825,330.8251509,1743.065804,319.7521447,1241.165347,614.3343771,1203.024209,764.186107,1058.793375,445.3767169,1471.326265,265.1873993
129,1599.561793,566.7855315,1566.39119,263.0703343,1335.004657,332.8225901,1745.842098,316.8636431,1248.003022,611.2421656,1208.207547,762.4385469,1061.711983,445.3767169,1469.391599,257.8081088
130,1600.759851,560.8105851,1567.370897,257.5438223,1338.579539,333.3637555,1747.7738,313.5990584,1254.942351,607.9308302,1212.760864,758.7531222,1065.519194,445.3767169,1467.464221,255.7083504
131,1605.734363,555.6021459,1568.24283,252.5284614,1339.064133,333.3637555,1749.772004,309.8117048,1262.254641,604.7270716,1217.986272,753.0063617,1070.273046,446.1423229,1465.581705,255.336746
132,1612.807231,550.7453219,1569.091819,251.7883709,1340.668937,333.5607315,1752.42506,305.7044583,1269.822579,602.3634977,1223.954231,747.4587273,1076.031577,448.5721555,1463.761345,251.5742567
133,1617.810186,546.3526468,1570.002695,250.6707161,1345.980398,333.3744273,1755.030343,302.8784406,1277.431696,601.3937077,1230.427287,747.4587273,1082.529902,452.1845288,1462.020435,245.1597989
134,1622.551014,543.6760176,1571.060288,247.8822241,1352.481112,333.3637555,1756.794749,302.4230153,1284.867525,601.2493611,1237.167983,746.7503674,1088.211443,456.1396653,1460.376268,239.8745213
135,1629.130327,537.859515,1572.349429,241.8952009,1356.814734,333.3744273,1757.854224,301.9822654,1291.970168,601.2205151,1243.938866,746.7503674,1092.15279,459.3939435,1458.846138,238.3916749
136,1634.843986,529.8163579,1573.904165,238.3643832,1357.639363,333.5607315,1758.576974,299.1481458,1298.798019,601.152758,1250.549162,746.7503674,1096.4618,460.245295,1457.447339,237.2699944
137,1637.935026,522.4616885,1575.555412,237.5956767,1360.855255,336.7483363,1759.331209,294.7493811,1305.464041,601.0305605,1256.99482,746.4070681,1101.030041,460.245295,1456.197164,232.9589844
138,1643.157318,517.7402508,1577.083302,237.5144689,1366.151416,341.8290423,1760.409301,290.3528099,1312.081198,600.8383935,1263.318471,745.40681,1105.143499,460.245295,1455.112908,227.585747
139,1649.082715,513.7151974,1578.330497,234.5398448,1371.22202,344.6709901,1761.800281,287.2409588,1318.762455,600.5607278,1269.562745,736.8188922,1108.838216,458.0342148,1454.202636,223.8516755
140,1653.176952,508.247076,1579.389772,229.2765172,1374.338476,345.2294193,1763.417346,286.03332,1325.592191,600.1820342,1275.76565,729.3153637,1112.337747,454.8439044,1453.437508,221.0777326
141,1656.811681,502.2676065,1580.416433,224.2225181,1374.929049,346.8193454,1765.173692,285.1962112,1332.540438,599.6867838,1281.946696,724.2418605,1115.865648,450.8242331,1452.779456,217.7397732
142,1662.33503,497.4763025,1581.612537,221.2738488,1376.472166,348.0858602,1766.982516,283.4626016,1339.493643,599.0594471,1288.120768,720.0635572,1119.598309,446.5532898,1452.190411,212.7977618
143,1670.016508,494.5762727,1583.367148,221.1036164,1381.915978,349.6766581,1768.832182,280.1433613,1346.118239,598.2844953,1294.302753,715.5863954,1123.523457,444.7715143,1451.632306,207.148102
144,1670.016508,490.2850078,1586.116081,221.1036164,1387.10254,349.6766581,1771.011725,276.002357,1352.14456,597.3144392,1300.507538,710.9793862,1127.581649,444.3220403,1451.067073,206.615434
145,1670.290768,482.279219,1590.107054,221.1036164,1388.037358,349.7554076,1773.885347,272.1667044,1357.778562,595.9739508,1306.747286,706.7152062,1131.713448,442.4276288,1450.456643,203.9873707
146,1672.883728,476.0581176,1594.835399,221.1036164,1389.776411,351.1853789,1773.885347,271.6871918,1363.345105,594.0557423,1313.023278,703.1181261,1135.859411,438.5281779,1449.762949,200.1756484
147,1672.883728,474.8121653,1599.608348,221.1036164,1390.070357,351.5535281,1773.885347,270.4551392,1369.169047,591.3525259,1319.33407,700.4753152,1139.970771,435.8233109,1448.947923,194.7494985
148,1676.557646,468.8893497,1603.854115,219.2940538,1397.057206,352.7078981,1773.780586,266.3371007,1375.471479,588.1508919,1325.678219,699.2379693,1144.041449,434.3225671,1447.973496,193.4694867
149,1678.434601,461.2333866,1607.484831,216.4230819,1403.673447,352.7078981,1766.000635,257.2167272,1382.058411,587.6922838,1332.021245,699.0739428,1148.07604,433.3503332,1446.741751,190.917884
150,1680.043037,456.9725327,1610.533608,213.1221899,1405.842886,352.7078981,1757.060062,251.1637595,1388.63208,586.7129443,1338.196508,698.9629004,1152.079136,432.2309958,1444.915378,188.3301373
151,1683.538995,453.1131065,1613.033558,209.9876837,1406.117802,352.7098281,1749.047399,249.9148646,1394.894727,585.950251,1344.004331,698.756653,1156.05367,430.5179375,1443.997574,183.4360749
152,1689.90546,446.6525264,1615.017792,207.6158693,1407.780622,352.7098281,1742.723125,242.1698866,1400.643684,583.7422409,1349.254092,696.376455,1159.995928,428.680524,1443.291949,179.4792934
153,1694.805592,442.6745503,1616.519423,207.6158693,1410.69983,357.0147794,1738.36627,236.7848209,1406.056668,582.0504143,1353.791395,690.954879,1163.900536,428.680524,1443.133381,175.7843859
154,1696.189346,442.575697,1617.651616,207.6158693,1413.890422,364.5993355,1735.658112,233.1353903,1411.406488,580.8843071,1357.53289,684.3159758,1167.762117,428.680524,1443.133381,172.9549678
155,1701.321464,433.9954842,1618.847752,207.1750046,1416.541263,364.9326246,1734.130495,227.6622632,1416.965954,580.5844636,1360.643182,681.9043685,1171.575298,428.9230923,1441.258926,170.6727009
156,1704.019214,428.3077276,1620.621267,207.1750046,1418.536695,374.5844404,1733.31526,221.9134246,1423.007876,580.5844636,1363.348867,671.8163824,1175.334703,428.9230923,1438.75265,168.3887588
157,1706.232165,421.5806366,1623.285198,204.877732,1420.2269,381.1088388,1732.793112,217.8722406,1429.62857,580.5844636,1365.876538,670.3292419,1179.034957,428.9230923,1436.627265,165.5543153
158,1709.879318,415.3974722,1626.351001,200.6704822,1423.129966,381.2249219,1732.340213,214.1562847,1436.218374,581.2582123,1368.452792,661.0687387,1182.670686,427.3703722,1435.514157,162.0256122
159,1715.507496,412.6158553,1629.129734,196.5730848,1429.055959,381.852347,1731.781585,209.2478335,1442.186969,581.7528571,1371.425584,654.8193541,1186.248168,424.4424557,1435.153673,159.2791659
160,1721.749939,408.8057514,1631.095829,193.7333348,1437.013301,382.0193818,1730.942254,204.1430834,1447.727384,581.7528571,1375.628308,653.1236947,1189.820301,421.2052403,1435.063402,158.40132
161,1726.761496,401.3434344,1632.3772,191.819686,1440.569235,381.852347,1729.647243,199.3016336,1453.140627,581.7528571,1382.015722,652.2996903,1193.451636,418.006188,1434.760932,157.6270155
162,1729.570729,398.1648915,1633.265138,190.1307568,1448.628778,381.852347,1727.832317,194.8407048,1458.376265,579.8454407,1389.313502,649.501264,1197.142552,415.192761,1433.763852,155.7142006
163,1732.701067,395.0216379,1634.05093,188.1182822,1456.17379,380.8419618,1725.876205,190.7507525,1463.296003,575.6240553,1392.226016,645.2263148,1200.636739,415.192761,1431.811391,152.1238211
164,1738.236939,386.7695779,1635.025864,185.8464632,1458.568095,380.8419618,1724.268376,186.9905409,1467.761549,568.7125105,1398.714879,640.5537657,1203.709495,414.9543151,1429.529351,147.8105661
165,1743.011922,381.4520847,1636.48123,183.5326175,1464.924158,380.8419618,1723.268935,183.2656879,1471.634609,560.585265,1405.261996,638.9840745,1206.519251,413.1124213,1427.765173,144.1025608
166,1744.995814,380.4948685,1638.584835,181.3306565,1467.501386,384.6135113,1722.220536,178.2692265,1474.89306,552.8710316,1406.877569,636.8733651,1209.32022,412.7589701,1427.0758,141.992285
167,1749.460814,379.0141633,1641.010569,179.1408676,1476.031416,388.3006152,1720.471652,172.5242846,1477.979462,545.964892,1409.059692,635.542662,1212.366617,412.6828872,1426.856169,141.1296375
168,1754.154645,372.3646657,1643.308839,176.8001323,1484.299134,391.8501934,1718.311502,171.8213431,1481.452546,539.9535196,1416.715516,632.9232312,1215.862253,411.0091621,1426.371947,140.8132885
169,1755.921678,364.8907419,1645.1244,174.3565834,1485.659504,395.1582065,1716.264487,169.3660798,1485.871044,534.9235879,1419.048685,627.6664585,1219.80933,410.1171344,1425.533715,140.2795748
170,1757.966274,363.1007885,1646.479382,172.7033604,1491.32074,395.1582065,1715.556115,169.2634219,1491.634917,530.9113787,1420.121044,623.5939776,1224.159649,409.599523,1424.413282,138.7492499
171,1763.55027,362.0941261,1647.49026,172.3907553,1498.857332,395.1582065,1715.556115,162.7772,1498.509051,527.7516057,1421.900541,619.4155531,1228.759917,409.0490466,1423.082458,135.8382629
172,1769.805419,352.1643873,1648.263639,172.1292265,1500.293073,397.952968,1714.855013,159.0466833,1506.099563,525.228591,1423.31736,618.6946306,1233.036469,408.0584238,1421.613051,132.7433452
173,1773.27082,348.4874609,1648.866646,171.5813795,1511.444446,397.952968,1714.60748,157.6470458,1514.012571,523.1266563,1423.868392,616.8806575,1236.493054,406.4730589,1420.076871,130.4899469
174,1773.342506,347.5057878,1649.356537,170.7863811,1517.34505,397.952968,1713.981812,156.3466726,1521.854191,521.2301238,1424.481656,613.1655148,1239.363439,405.1490981,1418.545727,127.8376119
175,1773.342506,340.0446668,1649.790572,169.7833984,1519.719264,400.108007,1712.639,153.4881176,1529.304711,519.3494192,1428.60244,608.2510025,1242.063897,404.8086904,1417.091429,124.5542314
176,1773.342506,333.5095087,1650.226005,168.6115982,1525.138273,402.7361154,1712.13135,149.7106086,1536.341106,517.3993842,1435.150351,604.6472073,1245.010701,404.6272527,1415.785786,124.4370977
177,1771.955658,329.6034606,1650.720095,167.3101475,1530.985154,405.8854886,1712.041353,146.227542,1543.01452,515.3209643,1441.913575,604.6099168,1248.498935,403.662484,1414.700608,123.9922901
178,1769.400461,320.7406055,1651.330099,165.952553,1534.438752,409.2333788,1712.01469,143.9030359,1549.376097,513.0551052,1447.143085,604.6099168,1252.338921,402.0479426,1413.887173,123.1984625
179,1766.643482,319.2759823,1652.113273,164.7496805,1539.266953,409.6343361,1711.949776,142.2040954,1555.474057,510.5063072,1450.940991,603.9801051,1256.219792,400.1861519,1413.314643,120.2090504
180,1766.643482,308.2291523,1653.126875,163.9467358,1544.201949,409.6343361,1711.808213,140.2484476,1561.344918,507.4332901,1453.872188,603.9801051,1259.830679,398.4796352,1412.931651,116.672194
181,1766.643482,301.0419203,1654.428163,163.6425176,1547.389391,411.8977216,1711.551601,137.389963,1567.022273,503.5583281,1456.501573,603.9801051,1262.860716,397.3309157,1412.686827,113.5197692
182,1766.707508,297.0961044,1656.074393,163.3501961,1551.757247,411.8977216,1711.141542,133.9270866,1572.539713,498.6036959,1459.394041,594.6748984,1265.210143,397.0833622,1412.528804,111.0663601
183,1768.04451,290.7458365,1658.098713,163.3501961,1559.348431,411.8977216,1710.539637,130.4238105,1577.932374,493.8897759,1462.747204,587.7820054,1267.623632,397.0803954,1412.406213,109.5015569
184,1769.161747,282.7461854,1660.437834,163.3501961,1564.017557,414.6695429,1709.707486,127.5617413,1583.241565,493.2171402,1465.289537,583.6620578,1270.792197,396.9879461,1412.267685,109.4418449
185,1770.12822,275.3796625,1663.004358,163.9299569,1564.279352,416.2317399,1708.606691,126.2130835,1588.510137,489.3395187,1466.03818,581.0161783,1274.347799,396.4719449,1412.061853,109.1322644
186,1771.012931,270.0435332,1665.710887,167.4734687,1568.044774,418.0393434,1707.198854,126.1402894,1593.780939,483.1144813,1466.634062,578.5454894,1277.774905,394.9204181,1411.737348,107.6037714
187,1771.884881,265.6859465,1668.470023,171.9898232,1574.601378,420.3376207,1705.445574,126.0518889,1599.092741,477.9980229,1468.850967,575.2387078,1281.02709,392.899762,1411.242801,104.3450279
188,1772.813071,260.9918993,1671.194368,175.8277728,1579.37819,423.0693979,1703.109296,124.7944887,1604.46797,476.2214202,1472.370316,571.2349268,1284.175205,391.0801326,1410.558468,101.2019918
189,1773.866502,255.9701053,1673.810429,176.5816581,1582.956755,426.1775012,1699.155829,122.8209264,1609.924974,475.8237576,1476.350439,566.9608335,1287.290099,391.0801326,1409.791094,98.54223095
190,1775.114177,250.9602075,1676.300333,176.5816581,1586.803725,426.1775012,1692.351828,122.8209264,1615.482098,473.7369431,1479.949662,562.8431154,1290.442623,391.0801326,1409.079049,96.44111109
191,1776.625097,246.3018488,1678.660114,176.5816581,1591.035445,427.6059704,1682.82657,122.8209264,1621.157687,469.5553088,1483.131005,559.3084597,1293.703626,393.0123948,1408.560701,94.97399779
192,1778.376325,242.2074828,1680.885805,174.671791,1595.430687,427.6059704,1674.733871,124.4049576,1626.95073,466.3525346,1487.897746,556.5050952,1297.143958,395.0824218,1408.374418,94.97399779
193,1779.977181,238.380807,1682.973439,172.6620375,1599.76822,425.858924,1668.12642,124.4049576,1632.782777,464.3314449,1492.343883,553.4674166,1300.834469,395.4411475,1408.228994,94.97399779
194,1780.945046,234.3983295,1684.919049,171.1872774,1603.826816,425.858924,1662.591235,124.4049576,1638.556021,463.0765658,1494.640737,549.3404652,1304.84601,396.3381432,1406.114912,95.1303535
195,1781.169827,230.1067208,1686.704288,171.1872774,1607.438573,429.2274072,1657.95541,123.8313455,1644.172655,462.1724235,1497.982874,544.8257016,1308.821611,402.182226,1400.48664,96.95292267
196,1782.031533,226.4333004,1688.253288,171.1872774,1610.648903,429.2274072,1654.046035,121.7747284,1649.486005,461.2464422,1504.81977,541.0136914,1310.203448,414.4594851,1393.372898,99.78632651
197,1784.511925,223.7904911,1689.4758,172.0456793,1613.556543,435.9961182,1650.699571,118.6548893,1654.153944,460.0976389,1510.845816,540.1957655,1310.693026,418.0145533,1387.113239,103.5367936
198,1786.463995,219.4504805,1690.281576,172.0456793,1616.260233,441.730401,1647.789945,115.3262716,1657.785477,458.5679285,1514.35496,539.8601938,1313.428444,428.016281,1381.716294,107.4340046
199,1786.509659,212.2382194,1690.281576,172.0456793,1618.858712,446.172013,1645.200453,112.8719929,1660.290955,456.5579614,1514.748616,538.9950003,1318.184202,428.5096442,1376.607965,110.5385029
200,1787.030045,208.1472967,1690.281576,171.2719695,1621.418307,449.8314391,1642.81439,111.7421551,1662.786115,454.2033289,1515.541271,535.7416029,1320.844507,429.0256917,1371.438089,112.2100596
201,1788.055549,206.7785147,1689.387113,168.9814696,1623.875708,453.4142509,1640.515054,109.8547991,1666.325927,451.7004101,1524.214762,532.4443673,1322.512163,432.1542766,1366.752242,113.0053562
202,1788.067575,205.5702538,1688.261253,168.9814696,1626.109377,457.6747915,1638.044729,105.308704,1670.516917,449.2537942,1529.111341,531.4712221,1325.472227,432.1542766,1363.138176,113.6264734
203,1788.067575,202.0418156,1688.061728,167.3248336,1626.109377,458.4853903,1634.581668,105.308704,1674.6035,447.0701229,1530.015138,530.001236,1332.009758,432.1542766,1360.456588,114.1601784
204,1788.067575,196.0662241,1688.061728,167.1401764,1626.13519,461.772274,1629.163113,105.308704,1677.830091,445.3560379,1532.908224,528.7165102,1340.60691,431.7075959,1358.386416,114.5394102
205,1787.331247,193.8935637,1688.061728,167.1401764,1626.465444,465.9372383,1621.33465,107.9643355,1679.748568,443.9205917,1536.415545,526.5634844,1342.999697,431.263865,1356.606594,114.5394102
206,1786.476408,193.3784075,1690.576018,166.17985,1631.247823,465.9372383,1612.675239,112.2971836,1681.140665,440.9824786,1538.70798,523.3567776,1351.595808,431.0228854,1354.79606,114.5394102
207,1785.654054,193.3784075,1694.404218,165.7193266,1634.977548,465.9372383,1604.873991,124.9023657,1683.095576,435.7858721,1543.497278,522.0035592,1356.035147,431.0228854,1352.701494,114.1156298
208,1785.015179,192.2797762,1694.404218,165.7193266,1637.905429,466.1110792,1598.027241,126.0920266,1686.40972,432.0571611,1547.332639,521.6992606,1361.83459,431.0228854,1350.34055,113.45817
209,1785.015179,189.319209,1694.537078,165.7193266,1640.211142,466.1110792,1591.83313,132.417981,1690.7084,430.1055675,1550.34814,520.5218455,1373.156283,431.0595851,1347.798625,112.7426079
210,1785.015179,189.1439826,1696.316706,166.0816256,1643.52855,472.6898646,1585.9898,138.5531474,1695.324142,429.0302539,1550.754929,518.7802872,1375.097373,431.2045653,1345.161119,112.1177207
211,1785.618934,183.0658977,1696.326759,166.970951,1649.326807,474.4540365,1580.195391,139.0353173,1699.589474,427.9303833,1555.339919,516.783559,1383.189435,431.3848579,1342.513429,111.7967595
212,1786.590843,178.9105481,1699.401237,168.3381907,1650.288147,475.2054372,1574.235875,139.5018877,1702.964163,426.0768691,1558.671411,514.8406342,1391.11155,431.5860693,1339.940953,111.7967595
213,1787.415925,178.311728,1702.513772,170.0466001,1652.033887,486.1410792,1568.248544,140.817317,1705.41695,423.4276276,1561.223788,513.1944659,1391.855798,431.7961228,1337.52909,111.7356555
214,1787.415925,176.9125915,1704.466186,170.0466001,1659.853989,487.0880038,1562.458518,143.0679743,1707.043817,420.1123256,1563.393418,511.823927,1400.581404,432.0122105,1335.363238,111.7356555
215,1787.415925,175.1746786,1704.466186,170.0466001,1663.58323,492.1409824,1557.09092,148.0008105,1707.928728,416.2606299,1565.557163,510.6418697,1407.606848,432.2338413,1333.528794,111.7356555
216,1787.294833,174.5151358,1704.466186,167.8495308,1665.525343,492.4739491,1552.306831,148.0008105,1707.940747,412.0022074,1568.091887,509.5611468,1407.975012,432.4605241,1332.060759,111.2010618
217,1786.486658,173.4364214,1702.308539,164.0885031,1668.361671,492.4739491,1548.011182,148.1740296,1708.203723,410.7898923,1571.231623,508.4762898,1415.908066,432.6917679,1330.792544,110.411114
218,1785.24221,169.7123215,1700.477233,161.196817,1672.662335,492.4739491,1544.044861,148.9497462,1708.203723,407.4667249,1574.639084,507.2085472,1422.202781,432.9270816,1329.507162,109.5614758
219,1781.918411,162.4752164,1700.477233,160.3783774,1674.741822,494.3214437,1540.248759,148.9497462,1707.928728,402.8868731,1577.834153,505.5608464,1425.369692,433.1659742,1327.987625,108.8478108
220,1774.0749,157.6774101,1700.477233,160.3739911,1675.782081,496.4243738,1536.463766,148.9929048,1704.835741,393.4945858,1580.446247,503.3361149,1430.000831,433.4079547,1326.016946,108.8478108
221,1771.66359,157.6774101,1700.749173,159.3086904,1679.288677,499.981536,1532.56488,149.4433914,1703.368687,389.1475316,1582.54292,500.3372802,1435.809735,433.652532,1323.477923,108.8478108
222,1764.43246,156.7631698,1700.749173,159.3086904,1680.033765,502.0606871,1528.56353,149.7652121,1701.843575,385.1717517,1584.315783,499.5111413,1441.319291,433.8972337,1320.652493,108.8668816
223,1759.777536,156.7631698,1701.129838,155.9828754,1681.657195,502.8350389,1524.505249,150.4943297,1700.356389,381.6332315,1586.014553,498.6464685,1446.101476,434.1316623,1317.922378,108.8668816
224,1757.973541,156.7631698,1701.47227,154.578355,1684.191823,503.1058123,1520.435575,152.166707,1699.003109,378.3432314,1587.903469,497.0250638,1449.990541,434.3434386,1315.669298,108.8668816
225,1754.031604,152.0658998,1702.351745,154.578355,1684.524612,506.3261114,1516.400043,155.3183066,1697.87972,375.0493306,1590.246773,496.8785338,1453.20159,434.5201839,1314.274975,108.8094974
226,1745.298026,147.1937814,1703.046209,156.5479291,1686.817999,507.3606681,1512.43112,160.5625351,1697.082204,371.499108,1593.138704,496.8785338,1457.473138,434.6495191,1313.819244,108.8094974
227,1743.58517,143.8116416,1703.241053,156.5479291,1693.030106,507.3606681,1508.509003,168.8225752,1697.082204,367.4401428,1595.993497,495.4737371,1463.887699,434.6495191,1313.174386,108.8094974
228,1741.543116,142.8262835,1705.441989,158.9327979,1693.176483,509.3798937,1504.600822,174.9880959,1697.082204,362.6200141,1598.055388,494.3482782,1469.380356,434.6495191,1310.910795,110.504787
229,1740.212516,142.662968,1705.628112,158.9327979,1693.593411,509.3798937,1500.673706,176.960705,1697.571286,356.9915857,1598.951572,493.4183567,1472.037912,434.6292744,1306.328529,116.9693395
230,1739.003446,141.5557646,1707.270188,158.9327979,1693.593411,509.3798937,1496.694783,178.8911786,1698.803041,351.3288597,1599.841105,492.6001724,1476.451913,434.4451796,1301.646299,126.5463134
231,1737.721531,139.455517,1710.200936,157.0468896,1695.712773,510.7051472,1492.631183,182.7385788,1700.43936,346.4322211,1601.908368,492.6001724,1481.169673,434.1691391,1299.16841,138.4247207
232,1736.93009,136.7422629,1710.200936,153.7403613,1698.914366,511.9093146,1488.450035,184.5516487,1702.375613,342.386446,1604.907217,491.9858602,1485.55027,433.8755702,1299.16841,153.4284787
233,1735.861842,133.7960399,1713.015573,151.4803908,1702.394317,511.9982409,1484.118467,185.5138073,1704.50717,339.0974088,1608.233871,491.9376808,1489.71811,433.8074579,1299.16841,168.9013111
234,1733.749504,131.9628176,1712.685242,149.3118893,1705.34875,512.1124784,1479.60361,185.5138073,1706.729403,336.4709837,1611.284552,491.9203898,1493.797594,433.8074579,1299.093616,175.4208487
235,1731.157429,131.9628176,1713.015573,149.3118893,1707.175512,512.4257543,1474.873479,186.5182777,1708.937683,334.4130448,1613.455481,490.4703812,1497.913129,433.8074579,1299.093616,184.9497208
236,1729.145886,131.9628176,1713.015573,151.4803908,1708.079336,513.3928508,1469.89964,186.8084735,1711.027379,332.8294664,1614.965619,489.5155012,1502.160023,434.3336816,1298.776001,188.1853444
237,1721.599771,133.7330442,1712.685242,152.0394277,1708.466678,514.6820328,1464.654544,186.6233945,1712.893865,331.3714558,1618.218754,489.5155012,1506.517216,435.1341069,1297.317293,195.945549
238,1718.576012,137.7207102,1712.685242,153.929964,1708.743991,516.0758026,1459.171354,186.6233945,1714.432509,328.6715531,1618.218754,489.5155012,1510.934553,436.1333578,1295.293958,200.552448
239,1715.808472,138.3229073,1711.482941,157.9968423,1709.317732,517.3566626,1453.726074,187.5821561,1715.538684,323.9537825,1618.401924,488.1954309,1515.361879,437.2560585,1292.789733,202.2030666
240,1711.129033,141.0888342,1708.891069,157.9968423,1711.861859,519.4270465,1448.591881,188.0533523,1716.10776,319.8267729,1618.401924,485.1397995,1519.762548,438.4309814,1289.888359,206.4673475
241,1705.978908,141.0888342,1708.891069,158.9478536,1713.107276,520.7679788,1443.787815,188.0533523,1716.127476,318.8677467,1622.794439,484.1856679,1524.153948,439.6034925,1286.673572,212.1946168
242,1700.998214,141.0888342,1707.228689,158.9478536,1713.592952,522.7401257,1439.269381,188.5461834,1716.149029,318.708253,1622.811242,482.99461,1528.566977,440.7231062,1283.22911,216.3324302
243,1696.270359,140.1829989,1707.228689,159.3274839,1713.228871,522.7401257,1434.992081,190.3726621,1716.622003,317.3649824,1628.079681,481.7318123,1532.972408,441.7393369,1279.638713,217.2022163
244,1691.748469,138.0648553,1713.794723,160.131827,1713.356967,522.7401257,1430.911422,190.6042741,1717.877102,312.0094313,1632.523444,481.7318123,1537.100518,442.601699,1275.986118,218.6208947
245,1687.388046,135.1742978,1714.568327,162.7029064,1713.592952,522.7401257,1426.987371,190.8879609,1717.877102,306.2007003,1635.70226,481.7318123,1540.714831,443.2597069,1272.340693,224.1679106
246,1683.144589,130.3500124,1718.179154,166.8444744,1713.592952,522.194869,1423.197756,193.9271372,1717.877102,303.505365,1635.993376,481.7318123,1543.95235,443.5027495,1268.71432,230.9773203
247,1678.973599,128.8355195,1718.590541,168.0288464,1714.119046,522.194869,1419.524866,197.1749119,1716.698212,302.3949949,1635.993376,481.7318123,1547.043448,443.5027495,1265.104512,233.9043182
248,1674.830577,126.2670879,1723.764089,173.1297585,1715.519666,522.194869,1415.950992,200.1424849,1714.616413,300.6241891,1635.993376,481.3013089,1550.2185,443.5027495,1261.508781,234.5718327
249,1670.671021,124.6858207,1726.334828,181.5056999,1717.563386,526.188304,1412.458426,202.3410556,1712.705428,298.1746714,1631.8371,480.1887772,1553.646808,443.5027495,1257.924639,237.6804541
250,1666.46752,124.0372156,1727.151414,182.4905157,1720.254762,526.188304,1409.029459,202.8982625,1711.493093,295.5105122,1631.8371,478.6985834,1557.253388,443.5027495,1254.349597,243.2204455
251,1662.261008,122.2891837,1727.729997,184.5099164,1723.4684,526.188304,1405.646381,202.8982625,1711.493093,292.7980446,1631.8371,477.2067766,1560.902182,444.2188486,1250.781169,248.0995488
252,1658.109506,117.9154927,1727.854184,186.4141083,1726.559085,523.9780619,1402.291482,202.8982625,1711.493093,290.1291672,1634.42561,477.0063843,1564.457136,444.2188486,1247.216867,251.2860919
253,1654.071034,113.3909263,1728.461677,188.011763,1727.627133,522.8173426,1398.947055,201.8791141,1712.230166,287.5957784,1634.466892,477.0063843,1567.782193,444.2188486,1243.654201,253.0977984
254,1650.101231,113.3909263,1728.992431,189.0522232,1727.627133,522.8173426,1395.63966,201.2951908,1713.762962,287.5957784,1635.591412,476.1603003,1570.788797,445.055779,1240.09254,254.5745337
255,1645.746198,113.3909263,1729.464984,189.0522232,1727.627133,522.8173426,1392.572946,201.2951908,1715.828041,285.468483,1635.942525,476.0060982,1573.57839,445.055779,1236.538664,258.2953352
256,1640.449653,116.0172533,1729.897875,189.0522232,1724.472073,529.9341307,1389.99483,201.2951908,1718.245076,285.2897771,1642.494356,470.7716193,1576.299918,444.7702813,1233.001212,264.9513422
257,1633.985203,121.2228969,1730.309641,187.6267891,1720.74293,537.7718675,1388.15323,204.5783986,1720.807929,284.6318367,1644.44558,470.7716193,1579.102321,444.7702813,1229.488819,267.930439
258,1627.446008,126.5502401,1730.71882,185.6362231,1717.256375,540.2118873,1388.15323,211.9667256,1723.310462,279.3752882,1646.245774,470.7716193,1582.123527,444.7702813,1226.010122,268.1125638
259,1621.928072,130.4861451,1731.143952,183.587243,1714.347022,544.2989989,1388.15323,224.2596028,1725.554903,274.7927996,1646.462705,471.3591053,1585.457388,443.5473699,1222.573758,269.1083798
260,1617.219222,132.9216366,1731.603573,182.1569948,1712.197516,553.654753,1388.904526,237.6161867,1727.376943,271.9586296,1648.966345,476.8837284,1589.186739,443.5473699,1219.188364,272.0453437
261,1612.780238,133.6462814,1732.116222,182.1569948,1710.864711,556.4112226,1391.010486,247.035565,1728.620636,269.8920477,1652.225155,476.8837284,1593.21541,443.5473699,1215.862576,275.8202783
262,1608.154129,133.6462814,1732.700437,182.1569948,1710.864711,557.296497,1393.508549,251.5052363,1728.620636,267.6123234,1654.64514,476.8837284,1596.731208,444.3527002,1212.605031,279.5121308
263,1603.212807,133.6462814,1733.488522,184.7474988,1710.864711,558.2623102,1393.508549,259.8931096,1728.620636,264.1387261,1655.479972,465.2229311,1599.046546,445.0864171,1209.424365,282.1998487
264,1597.941403,132.4876728,1733.488522,188.648958,1712.020537,561.6504081,1393.508549,264.3356235,1727.507837,259.1522548,1655.710342,464.7380611,1600.688271,445.869556,1206.32771,283.2788533
265,1592.449027,130.9603917,1733.936297,193.2038708,1714.140826,567.2287934,1393.165594,265.1881649,1727.086025,254.9808258,1656.748696,464.4743338,1602.486841,447.2007635,1203.316175,283.4104622
266,1586.875784,129.2279182,1735.06784,212.7676976,1716.798353,571.6086206,1389.339336,266.3791652,1727.086025,252.9951176,1658.300019,462.2638821,1605.272713,449.5786865,1200.389362,283.5724669
267,1581.361779,127.4537328,1733.936297,228.8776476,1719.612042,571.816775,1384.063436,270.5915592,1726.178227,248.0899379,1659.153898,457.8933996,1609.406164,453.1661412,1197.546875,284.5910461
268,1576.047117,125.8013156,1733.936297,231.6790573,1722.200814,573.2067961,1378.614528,275.5262944,1725.71831,238.7695928,1660.070489,457.1153231,1611.751035,456.7826227,1194.788316,286.6859273
269,1571.014719,124.4251958,1736.849815,247.9754002,1724.183592,573.6910493,1374.244123,278.5626248,1721.066905,238.7695928,1661.55354,455.9227385,1611.751035,458.2995538,1192.113291,289.7957585
270,1566.118769,123.4440981,1738.631948,248.1450615,1725.299298,576.882559,1371.186296,280.7750171,1707.722666,238.6885494,1662.686396,455.9227385,1613.036434,458.9117956,1189.5214,293.3413216
271,1561.15627,123.4440981,1739.410559,250.3865328,1725.766848,580.1347131,1369.601922,283.8020046,1703.623601,237.7146297,1664.382342,456.842903,1613.036434,462.7467502,1187.012248,296.6139323
272,1555.924222,123.4440981,1739.576527,254.1493224,1725.925156,583.5824083,1369.601922,287.8431719,1702.306805,235.9881019,1664.97959,456.842903,1613.630883,465.6591513,1184.585438,298.9049062
273,1550.400931,123.88997,1746.754726,258.0346317,1726.113139,587.3605411,1369.601922,292.6920842,1691.818901,235.2268439,1669.831608,455.9227385,1616.616337,466.6734206,1182.232897,299.819226
274,1545.289916,125.035776,1750.200182,264.015741,1726.58103,590.4064269,1371.006753,297.9571761,1688.455321,233.8014345,1675.08437,454.5499389,1623.459779,467.3398125,1179.915844,300.2165422
275,1541.476002,126.1810378,1752.557946,266.0598871,1727.224341,590.4064269,1372.62017,303.2006,1686.094314,233.5511695,1676.456432,448.9666483,1625.779972,469.4552541,1177.587825,301.2701723
276,1538.565159,127.0242947,1760.115979,271.0340362,1727.849902,590.4064269,1373.624282,307.984508,1684.127963,233.167229,1676.921139,448.9666483,1629.25843,469.4552541,1175.202382,303.8828865
277,1533.10456,127.5080186,1764.310874,271.0340362,1727.849902,584.8818554,1373.624282,311.8710523,1681.118219,229.1827839,1677.672396,447.6738619,1630.4515,469.4552541,1172.71306,307.8752644
278,1527.617437,127.7039875,1767.918254,272.5451846,1727.849902,584.8818554,1373.624282,315.0192226,1678.443769,227.3664323,1679.200701,447.4153493,1633.196906,468.4924449,1170.116996,312.56769
279,1522.797456,127.9572712,1769.424074,271.0340362,1727.943173,584.8818554,1371.752882,319.9753591,1678.184153,227.2047497,1680.855655,445.8570528,1633.885639,468.4924449,1167.585695,315.9080611
280,1518.366734,128.6812627,1771.479374,269.1851258,1727.943173,585.9241828,1369.019188,327.2418301,1677.730154,223.4320498,1679.300811,445.8633626,1638.064018,468.4924449,1165.334259,316.3619545
281,1514.091925,128.6812627,1778.592794,269.1851258,1727.943173,587.3511833,1365.670121,329.8765057,1677.326849,215.8854141,1679.300811,445.8633626,1640.378106,470.2966865,1163.445867,317.2352114
282,1509.917841,128.6812627,1781.754376,271.8306723,1729.6104,589.3614461,1361.9526,330.7713997,1677.296537,209.776539,1679.300811,445.8633626,1643.942319,472.3416035,1161.476032,317.4302008
283,1505.833167,128.3276389,1782.563503,271.8306723,1731.856705,591.3460117,1358.362481,334.4976503,1675.078657,208.0717345,1678.284024,446.7596278,1645.714778,472.8032566,1158.977932,319.495379
284,1501.823922,128.1769913,1782.619562,280.0653354,1733.926668,592.6541172,1358.362481,339.8679391,1674.640225,204.3044958,1678.284024,446.7596278,1646.656365,472.9211654,1156.02307,321.7432173
285,1497.87546,127.8631393,1783.521937,287.7361797,1735.666851,593.0557144,1358.362481,344.255334,1670.371076,202.8566197,1678.284024,446.7596278,1648.330363,472.9260972,1152.812537,323.9135893
286,1493.973133,127.3293768,1786.059731,292.9278582,1737.074309,593.0557144,1363.47234,346.3157792,1666.950972,202.8566197,1679.57631,446.264657,1650.706881,473.3402938,1149.547421,325.9413578
287,1490.102295,128.1769913,1788.418411,297.1510847,1738.146097,593.0557144,1371.230487,349.8367256,1660.605497,202.8566197,1681.47902,445.22034,1653.357732,473.8745494,1146.428811,327.7613858
288,1486.248299,128.1769913,1790.52315,298.8648569,1738.879269,592.5141882,1378.582126,356.0751303,1648.730559,204.3370759,1683.869042,443.827324,1655.854732,474.3575669,1143.617257,329.3085362
289,1482.396498,128.8967563,1792.817728,298.8648569,1739.017639,591.8843898,1385.304916,357.1225507,1639.639651,206.1912408,1686.623266,442.1401876,1657.769696,474.6180492,1141.111163,330.5176719
290,1478.532247,131.2836638,1795.270366,300.6662026,1739.017639,591.3159735,1391.73895,361.2382849,1637.273675,210.0199872,1689.618582,440.2135094,1658.796285,474.7709813,1138.868396,331.3236559
291,1474.640898,133.9715958,1797.730396,301.571547,1739.017639,591.3159735,1398.224318,364.4539382,1626.472909,214.9961565,1692.731879,438.1018681,1658.843697,476.0764753,1136.846822,331.661351
292,1470.715497,136.4888684,1800.047152,301.571547,1738.366898,591.3159735,1403.581449,364.7384047,1617.625973,219.5997748,1695.840046,435.8598421,1658.843697,479.4625089,1134.989683,331.7703373
293,1466.779853,138.5510772,1802.149094,305.3369191,1737.387125,591.4353584,1404.174695,365.2848673,1612.112964,219.6860455,1698.819973,433.5420103,1659.030388,483.3833932,1133.181737,333.1090627
294,1462.865468,139.9206378,1804.281204,308.9085036,1736.196924,592.3275957,1406.730336,371.5574546,1607.24736,220.1756066,1701.548549,431.2029511,1659.030388,483.3833932,1131.293115,336.5169028
295,1458.987759,140.4823596,1806.767591,311.0692101,1734.939211,593.5470555,1411.326765,378.7566659,1602.392021,220.4653497,1703.902663,428.8972431,1659.043573,486.0805204,1129.193952,339.9148189
296,1455.097792,140.6106276,1809.584665,311.0692101,1733.756898,595.0021764,1416.091055,382.9977224,1597.422153,220.1756066,1705.759205,426.6794651,1660.469649,486.0805204,1126.75438,343.4069563
297,1451.143478,140.7107088,1811.318031,311.0692101,1732.792901,596.6013972,1419.673515,383.8339174,1592.212962,219.6860455,1707.111895,424.6030455,1661.77399,485.9541049,1124.061537,347.3021961
298,1447.124459,140.8218228,1812.636786,307.0922684,1732.1575,598.2531565,1422.160011,386.2948404,1586.639651,219.3121687,1708.421773,422.7168132,1663.542654,484.5381758,1124.061537,349.6213888
299,1443.053309,140.8218228,1819.2011,302.9335515,1731.889907,599.8658929,1423.9953,393.1804709,1580.641342,216.2974287,1710.266712,421.0684468,1663.542654,484.5381758,1124.061537,349.8876602
300,1438.942603,140.8218228,1819.2011,299.0275341,1731.889907,601.3480453,1425.624139,396.1381966,1574.412808,212.1974643,1713.057757,421.0684468,1665.828233,483.1062791,1124.882982,353.9997479
301,1434.804913,140.6984367,1819.2011,290.0725047,1731.830452,602.6080521,1427.491285,396.1852977,1568.212738,208.0873523,1716.538655,421.0684468,1668.683317,481.9272959,1132.030663,362.2446018
302,1430.650029,140.3464113,1819.607328,283.1593151,1731.758879,603.564779,1429.875879,396.8436442,1562.299821,205.0421697,1720.286325,424.1980715,1672.160497,481.5314539,1144.066068,372.5798991
303,1426.476594,139.8378813,1819.607328,279.0841629,1731.889907,603.564779,1432.3946,398.6848878,1556.832031,205.0421697,1724.026209,429.4489496,1676.312365,481.4035947,1159.647289,380.2891297
304,1422.280465,139.2144795,1821.154959,275.9695628,1732.014366,603.564779,1434.498513,401.5431255,1551.564483,204.689139,1728.077834,430.2253882,1677.48088,481.2701073,1176.929604,380.2891297
305,1418.057501,138.5178384,1823.500539,272.5416894,1734.074689,603.5072897,1435.849462,405.2524543,1546.151578,203.9172732,1732.909246,438.959186,1679.802268,476.59664,1194.068292,380.6741899
306,1413.803558,137.7895906,1825.00411,269.9413588,1740.090057,597.6312045,1436.952407,409.6469714,1540.247719,204.689139,1733.25658,445.5551295,1679.802268,461.3941871,1209.218631,380.2891297
307,1409.514495,137.0713688,1825.203496,269.3149611,1744.870374,587.8906059,1438.334041,411.4515022,1533.643411,205.2835648,1736.12665,447.3087659,1678.01524,446.6496288,1221.389455,377.4820389
308,1405.18617,136.4048055,1826.004297,269.3022635,1748.925226,586.5501257,1439.764863,413.9399641,1526.673584,205.2835648,1737.572532,447.8684662,1678.01524,442.6500282,1233.003822,377.2432095
309,1400.814439,135.8315334,1826.004297,265.8598644,1748.925226,576.5802798,1439.764863,413.9399641,1519.809276,205.2835648,1736.12665,447.8684662,1676.01259,435.2899624,1233.003822,377.1331527
310,1396.395161,135.3931851,1826.004297,263.6148309,1748.925226,573.1930802,1439.764863,411.4515022,1513.52152,205.2835648,1736.12665,447.3087659,1673.5376,428.2427018,1233.003822,376.5371517