,Year,Month,Day,Trial,Ablation,Darkness,Flow,X_Center,Y_Center,X_SD,Y_SD,School_Speed,School_TB_Freq,NND
0,2021,07,07,14,N,Y,0,1104.5003045112783,341.3256343984963,464.98065868683454,464.98065868683454,2.665013414067969,3.4966797205920863,
1,2021,07,07,14,N,Y,0,1068.5337218045113,335.600132518797,444.1007620766602,444.1007620766602,1.100990905500974,3.334271420462022,
2,2021,07,07,14,N,Y,0,1053.863909774436,333.8443618421053,427.6719112466555,427.6719112466555,2.6250230134127492,2.3972485458533526,
3,2021,07,07,14,N,Y,0,1036.7412368421053,317.8581447368422,418.6316301127655,418.6316301127655,0.5160515785482139,1.674389984565999,
4,2021,07,07,14,N,Y,0,1007.3848681077694,319.8110892857143,417.13918209943046,417.13918209943046,3.4961693641725753,2.824637087046446,
5,2021,07,07,14,N,Y,0,994.3228392857142,311.69493953634077,409.7403205107399,409.7403205107399,2.8876225828337634,2.1347260626930473,
6,2021,07,07,14,N,Y,0,971.0047687969925,310.31740131578954,397.9164637906829,397.9164637906829,4.058136006813642,1.8724542074867965,
7,2021,07,07,14,N,Y,0,857.3769144736842,331.8518937969925,281.3389998327731,281.3389998327731,6.025845878498909,2.626342475320918,
8,2021,07,07,14,N,Y,0,838.622492481203,321.7761200501253,293.62816826545054,293.62816826545054,10.533318873599839,2.905610209244925,
9,2021,07,07,14,N,Y,0,816.297642875627,339.3362878654777,371.9807030444914,371.9807030444914,10.301927490095299,2.159214646354084,
10,2021,07,07,14,N,Y,0,900.5820649958741,284.10778385811153,444.0345133018071,444.0345133018071,10.592138005639617,3.1467577546871617,
11,2021,07,07,14,N,Y,0,917.7006119106723,303.583673581753,539.0201985519998,539.0201985519998,2.001348968366755,4.2443148852379355,
12,2021,07,07,14,N,Y,0,962.484181839801,283.29876766762163,555.8864285387012,555.8864285387012,8.674883461752671,3.875770509992325,0.2556788705579766
13,2021,07,07,14,N,Y,0,1089.0929855761806,245.64729355908906,576.6884240675357,576.6884240675357,3.9088360236753554,4.728859693828833,0.24542740097158053
0,2021,07,07,18,N,Y,2,1161.055228708418,444.66787383393,429.20905998972984,429.20905998972984,4.529655003582929,4.586445869113746,
1,2021,07,07,18,N,Y,2,1181.0551776315788,419.8061409774436,423.92674576217377,423.92674576217377,3.117538777899929,2.60398694620564,
2,2021,07,07,18,N,Y,2,1177.0919379699246,429.905343358396,366.8864677595069,366.8864677595069,8.770454267598842,2.913634170326548,
3,2021,07,07,18,N,Y,2,1153.015572368421,405.86002067669176,387.9836158931267,387.9836158931267,2.708129368268333,3.4160071230708353,
4,2021,07,07,18,N,Y,2,1119.4734868421053,370.52986842105264,386.48149383124183,386.48149383124183,2.64980642955564,3.6271368001804287,
5,2021,07,07,18,N,Y,2,1092.527482142857,343.4633148496241,387.3561514832936,387.3561514832936,6.607682404904405,3.5323741355597313,
6,2021,07,07,18,N,Y,2,1139.197352443609,344.2777565789474,305.235318232704,305.235318232704,4.4119197312260185,3.3820954770339653,
7,2021,07,07,18,N,Y,2,1114.8325413533837,336.531037593985,311.9344286873907,311.9344286873907,4.806444216507835,3.4622122524018804,
8,2021,07,07,18,N,Y,2,981.6572603383457,317.2519266917293,422.64123937745046,422.64123937745046,4.478116602576367,3.481292134078512,
9,2021,07,07,18,N,Y,2,1023.4272001879699,339.2546983082707,360.7011556143707,360.7011556143707,7.203178308959209,3.101651676496877,
10,2021,07,07,18,N,Y,2,985.7437565789475,361.2195216165414,378.3446911695288,378.3446911695288,5.915152141553924,3.38247617201057,
11,2021,07,07,18,N,Y,2,955.1606027664177,365.3574907373315,406.9669606777676,406.9669606777676,8.78191384503054,2.3790452918066465,
12,2021,07,07,18,N,Y,2,842.4546456766918,387.85902819548875,461.7234837880442,461.7234837880442,4.395375692083881,2.8852324910340132,
13,2021,07,07,18,N,Y,2,852.5553815789474,414.9048186090226,464.9151010062938,464.9151010062938,3.7214338976888346,2.869122660793187,
14,2021,07,07,18,N,Y,2,866.3448834586466,451.1311961152882,443.65010980827736,443.65010980827736,9.549799816585066,4.02340137610068,
15,2021,07,07,18,N,Y,2,788.5492988721805,457.7548364661654,471.3658618870184,471.3658618870184,3.5827951071365836,3.568068444713181,
0,2021,10,06,34,Y,N,2,861.8451564880091,298.70265290438294,227.26579596532406,227.26579596532406,2.0781434508277985,3.0905184849568452,
1,2021,10,06,34,Y,N,2,891.5346721324073,297.338882791699,221.43260776587564,221.43260776587564,3.3356912806908325,2.147573019895764,
2,2021,10,06,34,Y,N,2,918.1147767649364,295.9949849507858,201.52773370410682,201.52773370410682,2.1350314104970787,2.7047606670903748,0.2555697107470327
3,2021,10,06,34,Y,N,2,959.3077610064681,275.2176498584185,166.99830951678697,166.99830951678697,2.234747153149984,2.7226347662681043,
4,2021,10,06,34,Y,N,2,983.6765137493074,272.23734771163544,146.61000975517655,146.61000975517655,5.398651662051529,2.2934825140993897,0.29421266887773617
5,2021,10,06,34,Y,N,2,1050.9414774697543,278.23230919309606,188.66073997134276,188.66073997134276,1.5452111766803487,3.126879022098939,0.28786251811315705
6,2021,10,06,34,Y,N,2,1072.0890394736846,267.9355131578947,209.87962088799276,209.87962088799276,1.905901297009034,3.2569932864450117,0.22954518727309176
7,2021,10,06,34,Y,N,2,1078.0398881578947,259.5451907894737,224.39007714522518,224.39007714522518,1.938167117277936,3.1197602656020855,
8,2021,10,06,34,Y,N,2,1083.3345789473685,251.49515789473682,235.8820912220655,235.8820912220655,1.8950553488420157,3.1828790726817044,0.32124597975243296
9,2021,10,06,34,Y,N,2,1085.0092105263157,240.6569605263158,248.2368700359692,248.2368700359692,2.082592569456262,3.1384999374092497,0.2630339300069071
10,2021,10,06,34,Y,N,2,1048.9887735057303,269.26731354196863,232.711333532938,232.711333532938,4.4468776919248,2.6326358750423653,
11,2021,10,06,34,Y,N,2,1023.2072736842103,280.19127368421056,222.94314874827796,222.94314874827796,2.055438946815041,2.6471731112615244,
12,2021,10,06,34,Y,N,2,1020.5992493533503,247.38613145839903,221.98255261102938,221.98255261102938,7.824156026552358,2.928803232225434,
13,2021,10,06,34,Y,N,2,1034.8222387218043,226.0820056390978,251.91178364905207,251.91178364905207,5.647459179362679,3.4274548999247534,
14,2021,10,06,34,Y,N,2,1025.2802434210528,228.94811685463662,270.62435527591225,270.62435527591225,3.2806267636806066,3.9170055614058836,
0,2021,10,06,38,Y,N,0,939.6607227443609,315.9194332706767,196.40281707584197,196.40281707584197,1.0205688430250233,2.817240376412653,0.2811772213836931
1,2021,10,06,38,Y,N,0,951.4939163533835,318.45138063909775,207.20196111352072,207.20196111352072,0.7373911632687521,2.283798533932408,
2,2021,10,06,38,Y,N,0,970.3892763157895,335.09540789473687,211.99045529249466,211.99045529249466,0.31911802091205327,2.661747097506736,0.2521302399218605
3,2021,10,06,38,Y,N,0,989.8404736842106,340.8663881578947,206.71951094433913,206.71951094433913,0.3963083317168269,2.1252132092735634,0.26015677224040884
4,2021,10,06,38,Y,N,0,1010.5636250000002,347.4791842105263,212.1361791055822,212.1361791055822,0.34421749825871034,1.948031829096054,0.2643294318944618
5,2021,10,06,38,Y,N,0,1029.5820460526318,352.16557236842107,223.2757025906801,223.2757025906801,0.3286433779055777,2.492912528916242,0.2652389824819473
6,2021,10,06,38,Y,N,0,1049.4048552631577,358.0472302631579,236.71089598739468,236.71089598739468,0.3707819305282662,1.7291921062515505,0.2618875658876807
7,2021,10,06,38,Y,N,0,1070.1994110294224,364.3555266955452,241.45493808837344,241.45493808837344,2.209650649923835,1.5776378548879224,0.26236828382901417
8,2021,10,06,38,Y,N,0,1064.8093684210526,381.35512500000004,243.61284856745706,243.61284856745706,0.2062795432369605,1.6183304534574063,0.291948309903714
9,2021,10,06,38,Y,N,0,1089.3798787593985,382.68171804511275,243.97171245253588,243.97171245253588,1.130897833792418,1.7416156097946476,0.1740838682335672
10,2021,10,06,38,Y,N,0,1082.61484962406,397.7824483082707,245.47228976375808,245.47228976375808,0.9409724142558301,1.9389877154236175,0.23581267877895215
11,2021,10,06,38,Y,N,0,1102.7572791353384,408.2056156015037,242.74848447972334,242.74848447972334,1.0911264176084634,2.798219967752377,0.24380088973716765
12,2021,10,06,38,Y,N,0,1132.7546842105264,411.2003421052632,241.07338340171563,241.07338340171563,0.4725304611781295,2.715852797115827,0.29495581352354516
13,2021,10,06,38,Y,N,0,1162.9660789473685,410.84226973684207,243.51850748484355,243.51850748484355,0.513801807250802,2.2832715471149454,0.27117956980631763
14,2021,10,06,38,Y,N,0,1194.5655986842105,406.8210855263158,251.71838913082013,251.71838913082013,0.5792296331125539,2.1406960305262706,0.29039044899790906
0,2021,10,08,15,N,Y,0,1248.0909979928842,371.62912138109084,274.4802718273023,274.4802718273023,3.3724439190044633,3.746302327460408,0.2066643092718281
1,2021,10,08,15,N,Y,0,1238.427740528143,378.54081358511024,330.2651076506695,330.2651076506695,4.9602844579437475,1.4349793832851714,0.21610274650136585
2,2021,10,08,15,N,Y,0,1228.324730168046,379.20734776179114,403.9944239247365,403.9944239247365,6.741058772599648,1.443416178828891,
3,2021,10,08,15,N,Y,0,1219.3546554553095,363.7501653341236,476.23884756312845,476.23884756312845,2.6207114987520574,2.1747843545065004,
4,2021,10,08,15,N,Y,0,1190.105416690742,341.20900235127965,544.122368030155,544.122368030155,4.437234597411168,2.050631962231924,
5,2021,10,08,15,N,Y,0,1166.7778890301101,347.1681195357825,554.3175913873844,554.3175913873844,5.867756840526317,1.7436279681990738,
6,2021,10,08,15,N,Y,0,1218.141289473684,368.90945043436466,564.8866319535297,564.8866319535297,0.8615721349456292,1.8123567049745246,
7,2021,10,08,15,N,Y,0,1198.6658977382547,412.0995658540048,596.5155477376663,596.5155477376663,0.7842115581876464,1.877918778142737,
8,2021,10,08,15,N,Y,0,1188.640652835235,423.74718444294683,616.7281238380748,616.7281238380748,13.020979099501952,1.6240526722781332,
9,2021,10,08,15,N,Y,0,1038.838527634236,484.2647584689701,549.6393521599516,549.6393521599516,11.019300673794271,1.8184881178946575,0.3166497129457111
10,2021,10,08,15,N,Y,0,1119.0428417816565,523.7247952803106,498.58964280355895,498.58964280355895,17.16375026150669,2.0277647930492795,
11,2021,10,08,15,N,Y,0,1204.2636102756892,553.3444912280702,486.03437474464914,486.03437474464914,6.723212767597178,2.1727461090707254,
12,2021,10,08,15,N,Y,0,1186.1937330827066,571.1505952380952,450.553038368193,450.553038368193,7.295836565718476,1.8756820364298505,
13,2021,10,08,15,N,Y,0,1156.9241824561402,585.3872105263157,379.78739243329875,379.78739243329875,9.732463720667031,1.6608149806936006,0.15321266929322586
14,2021,10,08,15,N,Y,0,1153.3581882920707,525.2497432846525,441.95445198361114,441.95445198361114,8.86865821085105,1.726383635586196,0.2622024208545863
15,2021,10,08,15,N,Y,0,1128.896404550458,478.0919158496428,470.1227567994809,470.1227567994809,14.368884769647615,2.08902706855327,0.44599431969051556
16,2021,10,08,15,N,Y,0,1122.4596250000002,425.11737781954884,491.9324181788831,491.9324181788831,11.156481642010613,2.4187523959003734,
17,2021,10,08,15,N,Y,0,1161.5233330200501,393.46123276942353,494.3875546924473,494.3875546924473,7.3488261412261275,2.8418347561986614,
0,2021,07,07,17,N,Y,2,835.5814671052633,369.67094078947366,361.54090053867156,361.54090053867156,2.002025317690051,5.291979949874687,
1,2021,07,07,17,N,Y,2,831.3223890977445,412.3456015037594,337.52403780817474,337.52403780817474,3.928515277429611,3.5445947250091163,
2,2021,07,07,17,N,Y,2,830.0026250000001,422.5895855263158,316.41087207835096,316.41087207835096,1.9983045893943572,3.321328675243432,
3,2021,07,07,17,N,Y,2,831.7777763157893,417.3635723684211,320.8142564122143,320.8142564122143,1.9193570509118896,3.1300984022371487,
4,2021,07,07,17,N,Y,2,841.7478063909774,433.0634830827067,338.96526943697694,338.96526943697694,3.3969750867503676,3.6163435494121337,
5,2021,07,07,17,N,Y,2,869.4208328320802,437.3599784461153,333.0250037951979,333.0250037951979,5.786924103314223,2.00334812142591,
6,2021,07,07,17,N,Y,2,889.8123388075655,466.3033347917587,385.525647673197,385.525647673197,7.051385532417706,1.661391777978143,0.21423028870020258
7,2021,07,07,17,N,Y,2,913.9902787534414,454.86436802740707,403.4758405293895,403.4758405293895,4.236881772894197,2.662238465195894,0.23422667926457671
8,2021,07,07,17,N,Y,2,998.3727960526314,453.99373026315794,439.8997649537752,439.8997649537752,1.3780285350792987,2.2449709328827976,0.1837235254673686
9,2021,07,07,17,N,Y,2,1035.4871184210526,455.5353157894737,483.32895934729413,483.32895934729413,1.525400785614411,2.5278983535387147,0.2341010051957165
10,2021,07,07,17,N,Y,2,1039.511147556391,459.02577913533844,512.121348810725,512.121348810725,8.650079587253874,3.7617614398726618,
11,2021,07,07,17,N,Y,2,1026.013448673191,472.6498124873282,561.3678454815437,561.3678454815437,15.535071258989607,2.180130784071001,
12,2021,07,07,17,N,Y,2,1086.6997738422233,447.8737506261775,586.6908660855506,586.6908660855506,8.581476906716386,1.9097201380414213,
13,2021,07,07,17,N,Y,2,1042.2658972431077,451.47491604010025,564.5749246382813,564.5749246382813,4.659553083973252,1.9200908883551766,
14,2021,07,07,17,N,Y,2,988.7051987468672,442.9827644110276,608.0110216283377,608.0110216283377,7.611351465287081,1.6851859181882431,
15,2021,07,07,17,N,Y,2,1121.029355889724,399.36416290726817,641.1088534981438,641.1088534981438,4.734024736427847,2.44332916078176,
16,2021,07,07,17,N,Y,2,976.811957406233,389.3721346980976,537.3071626541769,537.3071626541769,24.239389031260803,2.1522516469803166,
17,2021,07,07,17,N,Y,2,964.0136594075137,383.67856252137796,559.9050000092287,559.9050000092287,10.833235748343421,2.494601394076734,
18,2021,07,07,17,N,Y,2,1036.4464763428423,348.2203420236385,598.4351988527012,598.4351988527012,7.463995140061736,3.2387675372872735,
0,2021,10,06,39,Y,N,0,1143.2940986842107,419.5434671052631,199.67726648898355,199.67726648898355,0.19237454366353735,2.96357929136567,
1,2021,10,06,39,Y,N,0,1136.4609830827067,419.1231456766917,198.89777385952465,198.89777385952465,1.5872815377015952,2.2518303216527102,
2,2021,10,06,39,Y,N,0,1140.51375,413.81398684210524,202.83755576179652,202.83755576179652,0.19444174988982973,1.9331809254775785,
3,2021,10,06,39,Y,N,0,1148.9991663533833,411.76997650375944,188.42325835069886,188.42325835069886,2.3487134855788776,1.9721019225353247,
4,2021,10,06,39,Y,N,0,1166.5770601588076,404.30199496403355,170.13306559017224,170.13306559017224,1.9462213682249616,1.9554406271192075,
5,2021,10,06,39,Y,N,0,1185.2903692174693,390.59453842875746,143.5307384897722,143.5307384897722,2.7548205113376687,1.7213342501839375,0.3042406288375399
6,2021,10,06,39,Y,N,0,1150.1760694483648,377.50406870315277,198.67246097591854,198.67246097591854,0.5845403732278446,1.8381411059162698,0.2183576454913917
7,2021,10,06,39,Y,N,0,1146.2144259241625,370.27635920355425,210.50323142024928,210.50323142024928,0.6109083879962006,2.0408178591523636,0.26335792379645934
8,2021,10,06,39,Y,N,0,1155.0213947368422,354.06110526315786,208.535496265117,208.535496265117,0.29395863824893764,2.0270931943253423,0.2349965363106185
9,2021,10,06,39,Y,N,0,1166.435407894737,349.5785065789473,201.34780555196045,201.34780555196045,0.24919848276911552,1.9557792141878318,0.40451266080231063
10,2021,10,06,39,Y,N,0,1172.1831907894737,339.8656644736842,205.27038598021835,205.27038598021835,0.21155322642159585,2.068769218017429,0.26630609724369075
11,2021,10,06,39,Y,N,0,1175.2013486842106,332.0087039473685,217.6528081124659,217.6528081124659,0.15012417902481148,2.3664076052190577,0.2259684377930535
12,2021,10,06,39,Y,N,0,1176.669655517373,333.26295395753607,237.91249974579773,237.91249974579773,1.0995552209036736,1.9001612206029976,
13,2021,10,06,39,Y,N,0,1186.4571757518797,334.39760432330826,260.4299536286995,260.4299536286995,0.8959437754326651,1.9732298841805622,0.18072579831010896
14,2021,10,06,39,Y,N,0,1184.699552631579,340.27750000000003,280.16437725584854,280.16437725584854,0.20880528388960043,1.7088887471614067,
0,2021,07,07,16,N,Y,2,1177.8028281436111,469.4505708996645,296.2525588071614,296.2525588071614,6.120634417683165,3.7067599372212556,0.2797180835769072
1,2021,07,07,16,N,Y,2,1208.3753403199244,454.43149735281946,339.07910544733363,339.07910544733363,2.578623176726464,2.687700362200996,0.27944955538504906
2,2021,07,07,16,N,Y,2,1197.0550594273327,451.3000731126788,374.24769792247287,374.24769792247287,11.737979794848842,1.9675897839247833,0.32943102495576315
3,2021,07,07,16,N,Y,2,1246.6670585070522,434.44606856246827,438.05456709251735,438.05456709251735,5.300762487188351,2.5823851543519765,0.23487096253995746
4,2021,07,07,16,N,Y,2,1287.586585526316,437.1327368421053,471.1882894060057,471.1882894060057,3.0467441292137254,2.471371790544088,
5,2021,07,07,16,N,Y,2,1297.0720592105263,427.69579605263164,489.5307529410048,489.5307529410048,1.8484951198779995,2.309916996991384,0.2607142342608184
6,2021,07,07,16,N,Y,2,1254.4329469298248,447.5125,499.7423701606077,499.7423701606077,9.05070194595058,1.9824106377011694,
7,2021,07,07,16,N,Y,2,1346.107609837093,435.66261979949877,481.19335537777397,481.19335537777397,13.861809483191635,2.116434294734777,
8,2021,07,07,16,N,Y,2,1381.0683924336947,461.44334997268027,442.30321839493206,442.30321839493206,7.8146989288316675,2.214152945151731,
9,2021,07,07,16,N,Y,2,1367.4890851117889,461.1852189170226,419.7771005989819,419.7771005989819,2.845452650431736,3.1710055080168624,
10,2021,07,07,16,N,Y,2,1345.648209721872,439.4867476875973,391.9831985209434,391.9831985209434,3.500767470632221,2.846308354123936,
11,2021,07,07,16,N,Y,2,1177.135276110547,417.29099146189765,473.14967851150993,473.14967851150993,8.636783363107748,3.134969452448373,
12,2021,07,07,16,N,Y,2,1134.8108399542782,389.81626312639645,452.46875739222935,452.46875739222935,3.2461858381493043,3.0477587456601065,
13,2021,07,07,16,N,Y,2,1090.3376749394433,373.8889877819549,434.20173499246306,434.20173499246306,3.275204117490509,4.143827130045968,
14,2021,07,07,16,N,Y,2,1041.3504736842106,339.18021052631576,399.9738500333063,399.9738500333063,2.8514014453342877,3.4269138755980855,
0,2021,03,25,12,N,N,0,922.451133033041,286.11954488780407,338.0010815301602,338.0010815301602,2.815303887836956,3.04201874812129,0.4498348947390404
1,2021,03,25,12,N,N,0,885.0936935237578,257.536012313509,333.14540340784094,333.14540340784094,6.0231400056833,2.517896967620732,
2,2021,03,25,12,N,N,0,849.973984962406,241.38514805203297,301.28907693159954,301.28907693159954,2.192750140887519,2.3094832635059164,
3,2021,03,25,12,N,N,0,830.8548016917293,236.68780545112782,277.32716345581827,277.32716345581827,1.290994581561635,2.2073135906378436,
4,2021,03,25,12,N,N,0,833.0236799735886,249.01772024740944,272.48490398617054,272.48490398617054,0.8277819634531013,2.610252518812796,
5,2021,03,25,12,N,N,0,806.928821189802,254.58419139401204,261.17299099371905,261.17299099371905,1.285029117889575,2.3478278047383228,
6,2021,03,25,12,N,N,0,794.2553937969924,251.42820394736842,240.93783473486934,240.93783473486934,0.5567429357143471,1.9884705699201506,
7,2021,03,25,12,N,N,0,774.366116340007,251.40349107760588,232.86757257873015,232.86757257873015,0.6764746816712486,1.7402867666509996,
8,2021,03,25,12,N,N,0,755.6772045866754,253.9361773129334,211.8811814964513,211.8811814964513,0.4285893233619972,1.8538156351494985,
9,2021,03,25,12,N,N,0,737.0647431328598,265.59210367939846,176.07872332041296,176.07872332041296,1.2297615741594334,2.0001942340846823,
10,2021,03,25,12,N,N,0,696.2572011278197,271.0409097744361,158.69808442711118,158.69808442711118,0.9756888747306043,2.3413910803872606,
11,2021,03,25,12,N,N,0,667.8568862781954,265.73778665413533,153.89115318761918,153.89115318761918,1.017306761113324,2.6099712914215196,
12,2021,03,25,12,N,N,0,659.6745723684211,246.04834210526315,146.1726499891955,146.1726499891955,0.4269510101675626,2.10246902348305,
13,2021,03,25,12,N,N,0,674.6002434210527,246.0312697368421,124.85723054546736,124.85723054546736,0.3085937617951053,1.6699077498992587,
14,2021,03,25,12,N,N,0,680.9821447368422,259.76776879699247,129.223867166671,129.223867166671,0.37710540021979366,2.1009059839801973,
15,2021,03,25,12,N,N,0,678.8743353492073,289.24115639942545,150.0490723005996,150.0490723005996,4.008216960493521,2.240001216796356,
0,2021,08,03,21,Y,N,0,1495.9897673034704,341.3912934667983,177.1630112412503,177.1630112412503,1.8195070070008281,3.867147066435418,
1,2021,08,03,21,Y,N,0,1480.894708821921,316.8700607196317,143.78104525676986,143.78104525676986,2.4482035582530126,2.4788388975312237,
2,2021,08,03,21,Y,N,0,1464.7658366777196,317.22018123498634,128.28519119341703,128.28519119341703,5.32236537520102,2.1909307686370783,
3,2021,08,03,21,Y,N,0,1449.0569183655239,301.44541258672547,126.85815294247641,126.85815294247641,4.04110084860352,2.5736012968384587,
4,2021,08,03,21,Y,N,0,1440.0603092132278,324.41193274121895,145.84878762350093,145.84878762350093,6.454626673301975,2.7291907279329877,
5,2021,08,03,21,Y,N,0,1400.2196543203918,342.9954737827324,193.39700783697495,193.39700783697495,3.9222222987974114,2.677916182463396,
6,2021,08,03,21,Y,N,0,1347.308823621554,356.02971522556396,216.26558850377847,216.26558850377847,1.7926254545068998,2.4288341422860715,
7,2021,08,03,21,Y,N,0,1279.8624458724244,344.8445430233238,204.5905758947017,204.5905758947017,2.56562742335769,3.277505162623117,
8,2021,08,03,21,Y,N,0,1202.5964449042763,332.7835506429349,197.03632848246988,197.03632848246988,2.090768702328308,2.445538021384853,
9,2021,08,03,21,Y,N,0,1140.4875460526316,311.8271052631579,187.65895368275568,187.65895368275568,0.9474058105990492,2.4355948265322143,
10,2021,08,03,21,Y,N,0,1096.5354605263158,284.56992763157893,185.12757837588128,185.12757837588128,0.8125859007705436,2.0994536939920327,
11,2021,08,03,21,Y,N,0,1057.010247056697,289.980382936835,198.04939375777641,198.04939375777641,1.8848447309214107,2.3660070922858507,
12,2021,08,03,21,Y,N,0,1006.2855758075588,269.64382406619586,205.9937341855344,205.9937341855344,1.6096975299814595,2.0462081727539747,
13,2021,08,03,21,Y,N,0,948.7598167293232,246.80377349624058,211.78646021830247,211.78646021830247,1.2221874652463323,2.392588503375829,
14,2021,08,03,21,Y,N,0,897.649063283208,246.26508364661655,206.07190856158317,206.07190856158317,2.5379251348832375,2.267042995140425,
15,2021,08,03,21,Y,N,0,860.2885715220815,265.5051490788515,190.94681479528526,190.94681479528526,2.673455363807357,2.854948145317663,
16,2021,08,03,21,Y,N,0,843.817162753597,257.2380482601107,154.31218830279047,154.31218830279047,0.39860767733540586,2.7357548750536806,
17,2021,08,03,21,Y,N,0,837.1634292464469,259.50266467175703,120.95910887354376,120.95910887354376,0.9414521883079424,4.548354757857857,
18,2021,08,03,21,Y,N,0,823.9765765843795,265.6527179220537,104.3187742795008,104.3187742795008,1.4333890838000203,5.45189993152076,
0,2021,07,07,26,N,Y,2,922.5131090225565,457.5392218045112,396.6864540512826,396.6864540512826,5.247381930992257,5.007363960628295,
1,2021,07,07,26,N,Y,2,930.4025970262359,512.0330217696668,391.50861385176984,391.50861385176984,4.996853930268633,2.216361169334892,
2,2021,07,07,26,N,Y,2,947.3658956918275,499.77812373491196,370.8756277121883,370.8756277121883,5.021212979473057,2.0968678718714755,
3,2021,07,07,26,N,Y,2,982.4166844320513,503.22336733163684,358.5004894306389,358.5004894306389,6.328426625381982,2.0253978556949845,0.16859979522960958
4,2021,07,07,26,N,Y,2,957.9244621220249,459.59532823242876,380.7611109894992,380.7611109894992,12.76213749224261,1.9494616592570362,
5,2021,07,07,26,N,Y,2,978.3744166156785,411.04965313617515,415.24919193981555,415.24919193981555,5.0975565272893775,2.3761036246753777,
6,2021,07,07,26,N,Y,2,998.9916969909165,418.1222265037594,439.82226825116203,439.82226825116203,6.6982735410288825,2.9374510253677446,
7,2021,07,07,26,N,Y,2,1016.2651964285715,428.1986372180451,470.6562859718213,470.6562859718213,3.5745574158368507,3.1176438235437374,
8,2021,07,07,26,N,Y,2,1001.3021513157895,397.255125,486.0648407605737,486.0648407605737,2.0480964339741647,2.9957317865511035,
9,2021,07,07,26,N,Y,2,987.0500094849508,384.13432864849426,508.2035494845161,508.2035494845161,5.890145338500581,3.043362718698853,
10,2021,07,07,26,N,Y,2,948.9529456941651,387.9017365459043,513.994952060691,513.994952060691,8.275123670313619,2.63153233144539,
11,2021,07,07,26,N,Y,2,995.6429689849624,355.55544642857143,500.651365611632,500.651365611632,3.1848972473443298,2.158607232174214,
12,2021,07,07,26,N,Y,2,979.0246611984811,352.56970615657553,507.4757293552131,507.4757293552131,4.654235416035573,2.5273573551000634,
13,2021,07,07,26,N,Y,2,898.1329066169714,399.97247914136545,533.6725990953538,533.6725990953538,7.363182221813011,2.6023395056920258,
14,2021,07,07,26,N,Y,2,937.9791109022557,386.9019270050125,484.54983640806176,484.54983640806176,11.292994104758298,3.8280696906108305,
15,2021,07,07,26,N,Y,2,940.8656910849187,380.5867306121179,447.455708872977,447.455708872977,12.36575001189142,3.516583745202166,
0,2021,03,25,22,N,N,0,1029.4728045112781,322.11345676691724,287.2242940200985,287.2242940200985,0.9495424872308996,2.984459812633187,
1,2021,03,25,22,N,N,0,1027.902739779482,324.1953340567363,320.7919050306232,320.7919050306232,1.7699228689000692,2.3571108609019036,0.21676828129584583
2,2021,03,25,22,N,N,0,1038.7679700519238,316.81123877636753,361.02591613971583,361.02591613971583,5.401015131096006,2.3372200987861778,0.24010335055802826
3,2021,03,25,22,N,N,0,1104.8309432957394,312.4672221177945,361.28439562242255,361.28439562242255,5.672329777059672,2.2551670610009302,
4,2021,03,25,22,N,N,0,1121.20191350115,296.23613626185323,408.06716651552614,408.06716651552614,3.4847325424977944,2.587188502163645,
5,2021,03,25,22,N,N,0,1131.9845977443608,282.8307556390978,407.9077116396382,407.9077116396382,3.917273184202184,2.0355423152781724,
6,2021,03,25,22,N,N,0,1113.6316623007958,283.66473899913734,385.70529256822545,385.70529256822545,2.43618497508307,2.003364987021185,
7,2021,03,25,22,N,N,0,1129.2646560248097,303.8520771058764,331.9902401236327,331.9902401236327,10.210048644861342,1.665787382040383,
8,2021,03,25,22,N,N,0,1128.9492781954887,314.5290836466166,322.8119838354386,322.8119838354386,1.149852527002237,1.5919723880457213,
9,2021,03,25,22,N,N,0,1128.0661842105264,328.28129605263155,311.37528823403454,311.37528823403454,0.3639988523786613,1.8501485853818398,
10,2021,03,25,22,N,N,0,1129.909052631579,339.12185526315784,306.88693328979724,306.88693328979724,0.3028059589400007,2.2750001568046323,
11,2021,03,25,22,N,N,0,1113.1161287593986,342.4903270676691,323.1803359698027,323.1803359698027,2.283995912820252,2.694733432588087,
12,2021,03,25,22,N,N,0,1088.8175958646618,341.4808859649124,340.0126802435457,340.0126802435457,4.243262494510718,2.8953404602585984,
13,2021,03,25,22,N,N,0,1065.7323524109245,330.13056785387437,363.243906785286,363.243906785286,3.2031735877026044,2.151317294669095,
14,2021,03,25,22,N,N,0,1057.7993092105264,318.00044078947366,397.5934543683106,397.5934543683106,0.30707004364593166,1.9067192590462498,
15,2021,03,25,22,N,N,0,1061.3746513157894,312.97212500000006,403.42233342999424,403.42233342999424,0.5035009124934151,2.12100990663547,
16,2021,03,25,22,N,N,0,1112.6340563909778,304.51597180451125,403.2949430983852,403.2949430983852,2.404391573497038,2.4160889186898973,
0,2021,03,25,10,N,N,0,973.3944265024718,362.2517758650978,324.77178891918606,324.77178891918606,0.5853567253317042,4.303322059328923,0.3530779555494139
1,2021,03,25,10,N,N,0,961.4171328880533,397.4670314732481,367.1361413776471,367.1361413776471,1.5861230067754513,2.9874567182186227,0.4146806451763116
2,2021,03,25,10,N,N,0,907.7925413533835,450.88019548872177,395.3424361905595,395.3424361905595,1.3766140313000947,2.069713142339913,0.5233311113948876
3,2021,03,25,10,N,N,0,964.1922922932331,482.72556766917296,421.6137651767702,421.6137651767702,1.3640382671423266,2.7594125047746876,0.44913916167547363
4,2021,03,25,10,N,N,0,974.784052631579,517.2676644736842,400.7871937781165,400.7871937781165,1.2518598745004266,1.947109776365514,0.40981991706880966
5,2021,03,25,10,N,N,0,954.6498354481541,564.945565180707,365.4656358214178,365.4656358214178,1.1844181725933174,2.1518372667842325,
6,2021,03,25,10,N,N,0,944.0905386457816,566.1354662312461,307.13176624522094,307.13176624522094,1.790476224957789,1.728623763391502,
7,2021,03,25,10,N,N,0,929.7314403315809,558.9276899327242,254.17654945499473,254.17654945499473,1.4659174823429544,1.9815439247665272,
8,2021,03,25,10,N,N,0,931.0947864647175,555.281497354069,213.21133498822937,213.21133498822937,1.76823980593715,3.233405324161047,
9,2021,03,25,10,N,N,0,960.5417631578947,546.28425,217.24235591307857,217.24235591307857,0.32681694711766673,2.7832511412294663,
10,2021,03,25,10,N,N,0,956.2887842886686,525.8952238347481,219.28562582050927,219.28562582050927,0.8756967639804093,2.460104752533871,
11,2021,03,25,10,N,N,0,972.0920011455648,506.1056522219915,239.31262374253515,239.31262374253515,0.9601642758341488,2.4915837652109443,0.25609326221445156
12,2021,03,25,10,N,N,0,984.9562657823066,480.3321460599138,259.3493351696338,259.3493351696338,0.9832758915979264,2.1049203927943028,0.2525621071262616
13,2021,03,25,10,N,N,0,1017.8526441540077,459.82651118183736,282.5081236108821,282.5081236108821,1.6111900563019779,1.9770949896834422,0.28428122437453085
14,2021,03,25,10,N,N,0,1046.3419147591937,434.6196590393882,287.311521116323,287.311521116323,1.0940418062754234,2.4473799730540713,0.37376897286387384
15,2021,03,25,10,N,N,0,1054.0721447368421,407.9028092105263,278.93946407477523,278.93946407477523,0.455819560177383,2.412932616367417,0.2473811791157639
16,2021,03,25,10,N,N,0,1050.8472421703366,377.9392053727774,264.85727611445236,264.85727611445236,0.5578770364308356,2.3930002453682384,
17,2021,03,25,10,N,N,0,1032.3273478377882,357.2471355886275,257.11370040359583,257.11370040359583,0.4592281904813414,2.1701968564403455,
18,2021,03,25,10,N,N,0,1002.835133152745,360.1453742696526,258.5941427631407,258.5941427631407,0.9026183247034654,2.0696379428964566,
0,2020,07,28,29,N,N,2,885.3710722723685,491.1283285980263,120.75138557372817,120.75138557372817,2.0968440635473384,2.6336746221614646,0.3872653348693912
1,2020,07,28,29,N,N,2,878.7590330098683,505.3028597559211,126.16217336684164,126.16217336684164,2.0188816200988278,2.4660547033805544,0.2382832872715617
2,2020,07,28,29,N,N,2,885.2051080414473,519.5040557407896,144.1158265587728,144.1158265587728,1.8223070754964856,2.205751678661895,
3,2020,07,28,29,N,N,2,906.0598978302631,521.2556973282896,186.10265796538377,186.10265796538377,1.5370346320579227,2.3150644756389833,
4,2020,07,28,29,N,N,2,936.1071489026317,530.3085252131578,228.56933170570238,228.56933170570238,1.5340281306612902,2.2020570531093626,0.25089763311429636
5,2020,07,28,29,N,N,2,961.2301335493421,537.4465764361842,245.712325118144,245.712325118144,1.7943701234457479,2.3735475399224732,0.2555667825404355
6,2020,07,28,29,N,N,2,969.1384048664473,545.5704770723685,212.6524808051841,212.6524808051841,1.8733803828939077,3.042299208683967,0.3195024534510363
0,2021,03,25,24,N,N,0,859.2613421052632,324.80524342105264,368.1963740650068,368.1963740650068,0.4019495437988455,3.68028907209984,0.23988581742890583
1,2021,03,25,24,N,N,0,876.1100789473684,325.1906644736842,373.93315746459365,373.93315746459365,0.32244923058672065,2.4778885539900792,0.2303018796180308
2,2021,03,25,24,N,N,0,887.016096384218,320.33623684210534,392.90668638398597,392.90668638398597,0.2534108342711634,2.9011208540676945,0.25583944464582753
3,2021,03,25,24,N,N,0,882.815052631579,319.2396842105263,407.8220987696148,407.8220987696148,0.2656680662658867,2.7817227277366596,
4,2021,03,25,24,N,N,0,877.4772302631578,326.27364473684213,429.99441933006455,429.99441933006455,0.9066600946831433,2.5013153810873927,0.20043926441061385
5,2021,03,25,24,N,N,0,879.3219367794487,380.28452174185463,479.72978870184687,479.72978870184687,7.796534131167786,1.9836936173195487,
6,2021,03,25,24,N,N,0,870.722215694653,402.09005723480334,475.0296126418251,475.0296126418251,12.414223976041631,1.4881209970331075,
7,2021,03,25,24,N,N,0,779.8796048787532,397.22049217728113,465.1368725791651,465.1368725791651,10.413549597455619,1.5755561314062292,
8,2021,03,25,24,N,N,0,771.7034595882641,421.63457143871284,451.58039819260335,451.58039819260335,12.323765631450312,1.7537878397150848,
9,2021,03,25,24,N,N,0,710.9894147492926,448.58756885461986,425.5060052689811,425.5060052689811,4.06510311083091,1.6665942412598764,
10,2021,03,25,24,N,N,0,700.3636167625376,443.47227462028826,403.3443534195967,403.3443534195967,2.9414660935234567,2.207583312704482,
11,2021,03,25,24,N,N,0,675.4322331667291,451.0345799301243,383.3449324370452,383.3449324370452,2.5923186360725365,2.4494951469286574,
12,2021,03,25,24,N,N,0,627.1632462406013,453.28805921052634,371.15251360919063,371.15251360919063,7.074016310583392,2.4792366926234206,
13,2021,03,25,24,N,N,0,660.0866920968127,406.71615545811886,328.88160619041355,328.88160619041355,10.469165924559325,2.544375509401084,
14,2021,03,25,24,N,N,0,605.1968242481203,422.46997086466166,317.62725986652197,317.62725986652197,6.331046789714997,1.8992809956230337,
15,2021,03,25,24,N,N,0,592.2022447092447,421.7478351573353,297.2033478735798,297.2033478735798,8.237209856956227,2.0933085746921645,
0,2021,10,08,21,N,Y,2,1053.0018571428573,417.1930037593985,476.4495850466981,476.4495850466981,6.200500831052512,4.602541099251626,0.4256917341947349
1,2021,10,08,21,N,Y,2,1017.0947478070176,391.95585714285716,462.9683355632217,462.9683355632217,9.945262004877288,3.503263245003259,
2,2021,10,08,21,N,Y,2,1014.129233082707,395.79383176691726,494.1337987252584,494.1337987252584,3.996029819112582,2.6950813030140166,
3,2021,10,08,21,N,Y,2,1001.1481466165415,382.2797318295739,485.6472728462384,485.6472728462384,5.285146619000058,3.141356926639184,
4,2021,10,08,21,N,Y,2,1002.7270272556391,366.32656672932336,435.44716309897825,435.44716309897825,2.746994795687076,3.534591533812448,
5,2021,10,08,21,N,Y,2,986.871317669173,396.88664003759396,402.3312519421128,402.3312519421128,4.342201161586862,3.241920600775421,0.36882132347322116
6,2021,10,08,21,N,Y,2,995.7960855263157,438.25718609022556,379.46855908171926,379.46855908171926,4.130932844554452,3.1933546948670104,0.3699756353935662
7,2021,10,08,21,N,Y,2,966.7812590852132,450.85173120300755,401.15947883908353,401.15947883908353,3.602389409500237,2.898125627409528,0.27978215793127625
8,2021,10,08,21,N,Y,2,963.62960715781,508.7792932368774,456.7489991793498,456.7489991793498,6.583638277520439,2.429947059157133,
9,2021,10,08,21,N,Y,2,915.8762302940702,551.743266110288,453.1760456353975,453.1760456353975,5.417084123189874,2.8163953375711053,
10,2021,10,08,21,N,Y,2,930.6716315789473,547.103125,451.79465388713356,451.79465388713356,2.794193055943564,2.7460901585329616,
11,2021,10,08,21,N,Y,2,928.9976315789472,556.7397368421052,448.8923336822786,448.8923336822786,2.1552056904198658,3.538319674026492,
12,2021,10,08,21,N,Y,2,927.4739276315788,554.689129699248,456.08415954507876,456.08415954507876,3.9006305347195145,3.203067318650985,
13,2021,10,08,21,N,Y,2,906.7467972028801,567.4731353734123,472.0733327120338,472.0733327120338,3.8805353853732534,3.1735171775837,
14,2021,10,08,21,N,Y,2,918.4253421052632,564.1847894736842,483.50762718997726,483.50762718997726,2.1659318979368143,2.979316302645372,
15,2021,10,08,21,N,Y,2,970.7977530075188,575.0030873433584,443.12782515953126,443.12782515953126,16.05868237770078,2.577797873820064,
16,2021,10,08,21,N,Y,2,1073.2719598997494,587.9307832080201,395.4595123496485,395.4595123496485,4.035423877504904,2.857758383511611,
0,2021,10,06,57,Y,N,0,1149.1934187305192,395.3635306436868,215.73995867308994,215.73995867308994,0.4784975974179074,2.4813030195740224,0.29326554520120346
1,2021,10,06,57,Y,N,0,1158.5332171052632,411.8958092105263,198.91997932103192,198.91997932103192,0.24386049329129728,1.8443458000183417,0.2258179357506911
2,2021,10,06,57,Y,N,0,1155.970342105263,411.8702631578948,173.43277180970364,173.43277180970364,0.2910837225154501,1.9296176146606105,
3,2021,10,06,57,Y,N,0,1149.0900921052632,408.86199342105266,141.75204343705965,141.75204343705965,0.18932916556771887,1.8043133738988135,
4,2021,10,06,57,Y,N,0,1148.2631710526318,404.6107368421052,130.93056037169552,130.93056037169552,0.15234380989561314,1.82546778418973,
5,2021,10,06,57,Y,N,0,1149.7823092105261,401.1468956766917,128.3352333892683,128.3352333892683,0.5343376568743899,1.7999440866068284,0.16166012218367043
6,2021,10,06,57,Y,N,0,1157.2084359179637,397.7860899039853,134.1152683629717,134.1152683629717,1.580198718804851,1.9690298048724793,
7,2021,10,06,57,Y,N,0,1160.270769736842,397.2878289473685,147.7033080935793,147.7033080935793,0.15202968702498795,2.205063071240225,
8,2021,10,06,57,Y,N,0,1163.6543289473684,392.84659210526314,164.0046223524176,164.0046223524176,0.1417618987743138,2.5093096814071005,
9,2021,10,06,57,Y,N,0,1169.776052631579,389.0591710526316,180.8994953963466,180.8994953963466,0.24802439125547243,2.05044134609352,
10,2021,10,06,57,Y,N,0,1171.6325592105263,382.0812368421052,197.61074415565926,197.61074415565926,0.2151104179607096,1.9967381210997979,
11,2021,10,06,57,Y,N,0,1174.357217105263,377.42238157894735,213.75589759977467,213.75589759977467,0.11342568538969637,2.1472860026477187,
12,2021,10,06,57,Y,N,0,1179.1464210526315,372.0070065789473,227.54211596406094,227.54211596406094,0.363195455254561,1.843225457458141,
13,2021,10,06,57,Y,N,0,1190.563894736842,359.752177631579,236.56031089553107,236.56031089553107,0.19311751542785544,2.019412695087026,
14,2021,10,06,57,Y,N,0,1198.4379934210529,355.8483157894737,249.6542696300654,249.6542696300654,0.31025388694143174,1.7598943832736553,0.21519168722759904
15,2021,10,06,57,Y,N,0,1213.4866381578947,356.93642763157897,255.2871984779967,255.2871984779967,0.25669187818001094,1.7589676615904388,
0,2021,07,07,27,N,Y,2,1188.5693130664865,387.52635942548955,311.7418013979552,311.7418013979552,1.7663955734147778,4.369724046185503,
1,2021,07,07,27,N,Y,2,1223.263119187078,399.307319825381,297.43967983864184,297.43967983864184,1.5910815509313003,2.919934762657792,0.2433059137931207
2,2021,07,07,27,N,Y,2,1273.9421071428571,400.0429830827067,278.7241060040771,278.7241060040771,2.4576090539675435,2.274472892788406,
3,2021,07,07,27,N,Y,2,1311.6892001879698,387.1506851503759,267.764328442115,267.764328442115,4.2812520762709525,3.045535383311275,
4,2021,07,07,27,N,Y,2,1298.991111737695,401.53396954192203,276.38530632287046,276.38530632287046,3.204415501277414,3.0161700212633997,
5,2021,07,07,27,N,Y,2,1281.36596772685,409.819156363177,271.5746519440491,271.5746519440491,2.576621463066811,2.839710753905196,
6,2021,07,07,27,N,Y,2,1264.6982468671679,423.9354598997494,302.85324750218706,302.85324750218706,3.765351228948154,3.2793885619865044,
7,2021,07,07,27,N,Y,2,1237.877279502858,417.42485542508706,316.2902386853987,316.2902386853987,4.122607019058367,3.0462786204055674,
8,2021,07,07,27,N,Y,2,1204.854062633071,431.6410948565047,323.15360209170495,323.15360209170495,10.181872809918293,2.4033518482816065,
9,2021,07,07,27,N,Y,2,1188.6726709160766,447.7135000592449,307.5017339235996,307.5017339235996,4.017910121905831,2.743316048093543,
10,2021,07,07,27,N,Y,2,1161.0562370442897,463.5595655946967,301.4857821244537,301.4857821244537,3.3931509217500238,3.0057350859306515,
11,2021,07,07,27,N,Y,2,1127.7739379699249,481.86751691729324,301.20691861954157,301.20691861954157,3.1175218078682794,2.9024980857517457,
12,2021,07,07,27,N,Y,2,1084.6998045957096,505.9945893725587,316.4536125788604,316.4536125788604,3.964573302876594,2.780074660490554,
13,2021,07,07,27,N,Y,2,1061.8942657928194,525.95262893743,323.1920171973409,323.1920171973409,7.691193117149622,3.306878796700048,
14,2021,07,07,27,N,Y,2,1015.0529605263157,540.4977763157893,332.3947690487744,332.3947690487744,2.7599108324735315,3.540919647420465,
15,2021,07,07,27,N,Y,2,981.9313817035752,533.3455278406344,351.36031808092656,351.36031808092656,4.383374031669916,3.83755261417143,
0,2020,07,28,24,N,N,0,844.3643355263158,437.62111842105264,240.93733226008402,240.93733226008402,1.018542454876812,3.553756170352454,
1,2020,07,28,24,N,N,0,853.5250554511277,445.4391315789474,242.33771752970557,242.33771752970557,0.8811272161513951,1.7972265163842422,
2,2020,07,28,24,N,N,0,877.3065231594655,462.8764185979359,227.51837402406036,227.51837402406036,3.580257812353261,1.8143412538682562,
3,2020,07,28,24,N,N,0,910.7913102528756,460.61931121171364,187.248974763437,187.248974763437,2.691093673244596,2.147539956101977,0.18613311594279738
4,2020,07,28,24,N,N,0,927.2702104436296,488.92368698203427,177.27222988608344,177.27222988608344,5.451767202105683,1.4215086289430678,0.15972660127036672
5,2020,07,28,24,N,N,0,985.4854508402336,495.97022798913184,141.51281316205933,141.51281316205933,3.7958782423499273,1.7782537788464252,0.18645704758577505
6,2020,07,28,24,N,N,0,1075.134707706767,504.6468712406015,139.332768118436,139.332768118436,1.480485611608631,2.439258336039687,0.2427068425876627
7,2020,07,28,24,N,N,0,1138.6570327407796,500.5925570984841,168.84937821946514,168.84937821946514,3.073828352700269,2.4750400861212265,0.259033096564788
8,2020,07,28,24,N,N,0,1183.970954291282,501.08313345008423,202.65419394063633,202.65419394063633,2.912274038690662,1.811383796490885,0.25575625806884483
9,2020,07,28,24,N,N,0,1236.8575140977441,506.87200093984967,239.27087866838528,239.27087866838528,2.7142225997546907,1.9166531615273215,0.2723306895040232
10,2020,07,28,24,N,N,0,1266.1178815789474,541.3829736842105,288.9877561091355,288.9877561091355,1.1708375252721772,1.695517633163817,0.3539361819977848
11,2020,07,28,24,N,N,0,1325.3280310150374,569.8843862781955,335.4635316202028,335.4635316202028,2.1465402513084006,1.823618840510729,0.28085015833996446
12,2020,07,28,24,N,N,0,1413.8860503177114,549.7874373671963,305.71576723399613,305.71576723399613,4.427073843199982,2.165262182505391,0.2933781513893586
13,2020,07,28,24,N,N,0,1450.1648233082708,548.5273806390976,263.6403312104367,263.6403312104367,1.6695008608674364,2.4209671136621265,0.3126141329053235
14,2020,07,28,24,N,N,0,1520.7756857708416,540.5217880181539,215.9761297158149,215.9761297158149,2.3589409794412632,2.4270000776470355,0.3322734153579386
0,2021,10,06,26,Y,N,0,1455.9481729323306,384.6251917293233,263.87133137612864,263.87133137612864,1.5709569171206028,4.017674683752989,0.2801951295891345
1,2021,10,06,26,Y,N,0,1477.577388157895,401.5195657894737,315.67222382823024,315.67222382823024,0.8285531594668505,2.772368564234911,0.2976521408001232
2,2021,10,06,26,Y,N,0,1530.0235065789473,390.92019736842104,322.92596106236925,322.92596106236925,1.4196207593467933,1.835882204946654,0.34465887071572254
3,2021,10,06,26,Y,N,0,1615.0491118421053,399.33439473684206,267.6874064624911,267.6874064624911,1.245894035097684,2.310987777804897,0.3658277696712407
4,2021,10,06,26,Y,N,0,1676.441,421.94499342105263,238.7538248687405,238.7538248687405,0.8998168822606459,1.8632966639004394,0.36487556123528003
5,2021,10,06,26,Y,N,0,1713.1275460526317,426.3331973684211,244.07598201541734,244.07598201541734,0.5027005615566302,1.7357005891205124,0.2542380276021283
6,2021,10,06,26,Y,N,0,1724.633,415.10275000000007,255.39675534613426,255.39675534613426,0.43517826283996813,1.348078974747298,
7,2021,10,06,26,Y,N,0,1712.9872399383792,399.81368288427757,264.24382576049413,264.24382576049413,1.284376517783377,1.4766522122739476,
8,2021,10,06,26,Y,N,0,1679.8652368421053,403.8545328947368,278.2247105069412,278.2247105069412,0.743680727711189,2.0939657680926778,
9,2021,10,06,26,Y,N,0,1656.3599934210526,406.54184586466164,266.2271466765445,266.2271466765445,2.1665010417481474,1.740449692752324,
10,2021,10,06,26,Y,N,0,1620.0933328805022,416.7898771363786,220.96186011237904,220.96186011237904,0.9983336955124374,2.020637745493131,
11,2021,10,06,26,Y,N,0,1577.3919097744363,421.51203571428573,195.84670751485473,195.84670751485473,1.6636367389302513,1.7896899149413468,
12,2021,10,06,26,Y,N,0,1569.7294444544525,426.48795796344615,152.78896778383617,152.78896778383617,2.4418747786603934,2.2185323527195053,
13,2021,10,06,26,Y,N,0,1560.3704053884715,424.3148173558898,141.20924685923197,141.20924685923197,2.0733730083311728,2.597551809575375,
14,2021,10,06,26,Y,N,0,1491.8961174812027,426.8528280075188,129.36182594156693,129.36182594156693,1.9379975237143872,3.1693785337625955,
15,2021,10,06,26,Y,N,0,1424.6293145929449,413.5047744360902,135.91066473598684,135.91066473598684,1.7747382088164507,4.455997810578097,
0,2021,07,07,06,N,Y,2,1177.2531209605618,317.059883996752,369.300253048425,369.300253048425,4.568767166946755,3.9417970809418175,
1,2021,07,07,06,N,Y,2,1193.2993157894737,315.00959680451126,348.45035606797205,348.45035606797205,3.106192531052771,3.0788906594827647,
2,2021,07,07,06,N,Y,2,1191.4844736842106,300.8040037593985,315.1076054710094,315.1076054710094,2.560100161311041,3.281095563990301,
3,2021,07,07,06,N,Y,2,1162.5098712406013,315.2616983082707,277.15935964129454,277.15935964129454,5.652629512824686,3.5015491163404047,
4,2021,07,07,06,N,Y,2,1129.9985986842105,341.9833092105264,259.6113896061499,259.6113896061499,2.727225967502727,3.6349483948405523,
5,2021,07,07,06,N,Y,2,1102.7358890977443,363.7344783834586,239.78192990889636,239.78192990889636,3.036170921139115,3.195574094902371,
6,2021,07,07,06,N,Y,2,1082.1633336082584,374.54234198472545,223.78627326789416,223.78627326789416,4.618154525455341,2.7231444230850115,
7,2021,07,07,06,N,Y,2,1049.4079238842944,373.5940665284293,220.9649707746891,220.9649707746891,3.0918430796975604,3.2036757732187726,
8,2021,07,07,06,N,Y,2,1027.5839679232176,369.509128329728,222.5028695799882,222.5028695799882,5.126907000529326,3.356784204760995,
9,2021,07,07,06,N,Y,2,1055.1699700493152,354.6627931285977,258.41324310515745,258.41324310515745,4.256889206314685,2.4005477954846763,
10,2021,07,07,06,N,Y,2,1027.7610634908278,327.2693667675062,257.12952413000147,257.12952413000147,2.822591913068049,2.1739268111145202,
11,2021,07,07,06,N,Y,2,1019.5662894597058,339.9190847050718,275.7727116797601,275.7727116797601,4.198892225686631,2.527065115111127,
12,2021,07,07,06,N,Y,2,982.8413386330299,362.9530882822107,271.27915438904324,271.27915438904324,7.665821385701487,2.5479968062844436,
13,2021,07,07,06,N,Y,2,1017.8902099370193,338.9331075595347,282.71599334835867,282.71599334835867,5.244936972031994,3.107102101974393,
14,2021,07,07,06,N,Y,2,976.647787366439,336.1230827771823,285.2658276172874,285.2658276172874,2.006021948271207,4.048589020628495,
0,2021,10,08,27,N,Y,0,943.3182593984963,437.30797368421054,227.52485101806306,227.52485101806306,3.7029333727926907,3.077768363094581,
1,2021,10,08,27,N,Y,0,966.6749736842105,442.2250733082706,312.7875722356433,312.7875722356433,4.014210944750459,1.84865891090351,
2,2021,10,08,27,N,Y,0,977.537356516291,462.84535839599,312.336006327527,312.336006327527,7.721904234873023,2.2161928165004974,
3,2021,10,08,27,N,Y,0,933.8140721572863,480.11891830634875,249.35802875678377,249.35802875678377,9.98791771056171,2.0661282701974315,
4,2021,10,08,27,N,Y,0,933.7626842105265,497.77618170426075,199.62762467009978,199.62762467009978,1.3798736884248135,2.3866508368924735,
5,2021,10,08,27,N,Y,0,948.882760651629,527.4085751879699,173.24304088102642,173.24304088102642,0.8237083425991895,3.408199485232237,
6,2021,10,08,27,N,Y,0,1014.613379095936,551.252264114473,250.20171723451034,250.20171723451034,5.8544858709345,2.329639830413824,
7,2021,10,08,27,N,Y,0,991.366210526316,573.2072631578949,194.19955043754672,194.19955043754672,0.5772844462010941,2.565339784868871,0.223821091114186
8,2021,10,08,27,N,Y,0,1023.6952443609022,586.7710664160401,224.7170276124032,224.7170276124032,2.2391277200685593,2.4321989764681438,0.2599621189537879
9,2021,10,08,27,N,Y,0,1068.0037499418784,598.5109521484659,246.14581639085455,246.14581639085455,1.979337998282589,2.8041563699799394,0.2879962248993823
10,2021,10,08,27,N,Y,0,1117.681037593985,607.0890363408522,261.3756052984141,261.3756052984141,1.232384951190322,2.7922122553010036,0.28963281099291477
11,2021,10,08,27,N,Y,0,1212.5468260651628,589.6040518796993,269.6664702836328,269.6664702836328,4.189532230559396,2.0494367466549446,0.33755933740798466
12,2021,10,08,27,N,Y,0,1300.9839829481557,570.9254101969567,288.43026191599495,288.43026191599495,6.696853260768314,2.059867308239358,0.3007235118402339
13,2021,10,08,27,N,Y,0,1331.42051290039,555.4513654220491,291.6956215563993,291.6956215563993,3.8871445429853217,2.5832070359356223,0.42239192513691554
14,2021,10,08,27,N,Y,0,1384.612447368421,491.23198903508774,293.034819646283,293.034819646283,4.4311301034402595,2.8176064167082506,0.29776100554411905
15,2021,10,08,27,N,Y,0,1410.6303101503759,481.6695845864662,302.39041581800154,302.39041581800154,1.3054828242663075,3.2736697149271357,0.3567127997509085
0,2021,10,06,21,Y,N,0,1097.2520855263158,364.5504342105263,321.0123335664146,321.0123335664146,0.27984947357314127,4.8124362698923315,
1,2021,10,06,21,Y,N,0,1095.374465219728,376.02089652402793,351.70051697096505,351.70051697096505,3.3214762662427635,1.7054008588992098,
2,2021,10,06,21,Y,N,0,1106.0578289473685,360.1493421052631,353.973500621456,353.973500621456,0.21084731932891532,1.6664553022839517,
3,2021,10,06,21,Y,N,0,1111.9257631578946,357.67012500000004,369.00926276331313,369.00926276331313,0.23557744765104283,1.6890477463376308,
4,2021,10,06,21,Y,N,0,1123.1974539473686,358.9127763157895,372.1973366312424,372.1973366312424,0.2647798225711575,1.9650126895263365,
5,2021,10,06,21,Y,N,0,1143.3782434210525,352.01009210526314,373.00611213489066,373.00611213489066,0.5179535145948777,1.792315846876936,0.20614686237477448
6,2021,10,06,21,Y,N,0,1170.1574802631578,348.1373552631579,376.0166077170786,376.0166077170786,0.6032112894719528,1.948076351906564,0.23538870683807636
7,2021,10,06,21,Y,N,0,1209.6022875939848,338.7495197368421,379.47718156162574,379.47718156162574,1.7830646331001356,1.9006650659798847,0.28662881245453903
8,2021,10,06,21,Y,N,0,1254.8791325187972,333.73997368421055,349.3610112799235,349.3610112799235,2.372127980698496,2.147694291068857,0.27458672732734873
9,2021,10,06,21,Y,N,0,1303.5521578947369,338.97780921052635,328.16130467432265,328.16130467432265,0.811941000907816,1.8118966503173823,0.25955611591486927
10,2021,10,06,21,Y,N,0,1354.9087171052631,342.37153759398495,323.36970595596136,323.36970595596136,1.0300607673426965,1.6750420688395822,0.2695054574836587
11,2021,10,06,21,Y,N,0,1404.2171284104859,358.63101339991925,349.21601631420805,349.21601631420805,1.247534510914285,2.6150488405318377,0.25833650186245083
12,2021,10,06,21,Y,N,0,1455.5417490601503,346.40145958646616,362.89486182224124,362.89486182224124,1.1960974342438209,2.7454144494847808,0.3044835745875757
0,2021,07,07,21,N,Y,0,670.1537356201497,338.6605750979299,359.64110028983686,359.64110028983686,0.4242792420220884,4.572058843082116,0.22895051338969724
1,2021,07,07,21,N,Y,0,696.7541760651629,324.1425592105263,365.7820309401699,365.7820309401699,3.5230470155607483,1.79804906802745,0.2855413846358064
2,2021,07,07,21,N,Y,0,726.1397828947369,299.36556498317367,366.29087108440166,366.29087108440166,0.8681683115349204,2.1577188867056223,0.3571129021334681
3,2021,07,07,21,N,Y,0,784.779595731112,284.77927631578956,389.21818375644244,389.21818375644244,2.155932347111603,2.244616540468102,0.320649590310842
4,2021,07,07,21,N,Y,0,822.653847744361,282.3182011278195,433.8145242060336,433.8145242060336,1.1250552332996722,2.0575388540766104,0.22153463515034913
5,2021,07,07,21,N,Y,0,909.4602755595268,288.5991102741963,445.2768533174315,445.2768533174315,12.564692314157831,2.0680245225861196,0.2525226340816713
6,2021,07,07,21,N,Y,0,1019.521191702541,326.4514121857448,457.03717242232835,457.03717242232835,15.533621462005181,2.2351056708212673,0.23359897093379758
7,2021,07,07,21,N,Y,0,1086.2025323227422,343.1967419435686,437.6682506237111,437.6682506237111,7.212205048993251,1.4857363872558624,0.21412516319702724
8,2021,07,07,21,N,Y,0,1177.0559503750053,349.6879789246238,300.9433483340162,300.9433483340162,4.262466962765228,1.7539240365649178,0.24335554097417522
9,2021,07,07,21,N,Y,0,1116.4655078320802,343.89407706766923,349.73060559603664,349.73060559603664,6.933452982027426,1.9497266739227854,0.2807682469683913
10,2021,07,07,21,N,Y,0,1102.7883045112783,338.86579511278194,380.60146945279087,380.60146945279087,1.9502131230215063,2.557024414210394,0.29192681543954746
11,2021,07,07,21,N,Y,0,1082.5037852805704,348.53976809669854,383.57190500477094,383.57190500477094,3.463567867186124,3.206331146828957,
12,2021,07,07,21,N,Y,0,1079.3693676136115,325.25863516756635,402.1396111315005,402.1396111315005,4.427262144340979,3.8219462534146067,
13,2021,07,07,21,N,Y,0,1119.168676717395,327.70113582775423,382.93943231990335,382.93943231990335,7.521694405673833,2.993504122759386,
14,2021,07,07,21,N,Y,0,1186.1908741252191,373.80916958390935,360.85071168833247,360.85071168833247,3.7893974103205195,6.482032611934753,
0,2021,03,25,07,N,N,2,822.8647697368422,347.6438157894737,327.8484474807751,327.8484474807751,1.3982886411007593,2.607548356175173,0.26866484560191795
1,2021,03,25,07,N,N,2,865.3002525170864,341.39043169344,365.09284102242776,365.09284102242776,1.2144285168565478,2.804209736566832,0.26733976021712763
2,2021,03,25,07,N,N,2,924.1693402255638,334.38489943609017,397.05646099006464,397.05646099006464,2.5137515195726388,2.652968703866145,0.2540169587507974
3,2021,03,25,07,N,N,2,967.9390706495609,331.94206829355034,434.62439084444065,434.62439084444065,5.5147797511315995,2.4033849553550453,0.21470694880215402
4,2021,03,25,07,N,N,2,961.3069952608048,341.2056521868383,467.0744503881359,467.0744503881359,9.494209696074327,2.690382233345835,
5,2021,03,25,07,N,N,2,913.1914823426665,379.73763558036575,486.4648856766569,486.4648856766569,3.2030667130553776,3.1114373701136784,
6,2021,03,25,07,N,N,2,857.2577240674777,427.0568866052255,465.81515599255476,465.81515599255476,10.891653462435407,2.788446002891083,
7,2021,03,25,07,N,N,2,928.6074135338346,441.2239389097744,364.8080843386011,364.8080843386011,2.2343716920455687,4.163232429230241,
8,2021,03,25,07,N,N,2,992.881064932394,403.6119542330615,280.4616133383993,280.4616133383993,1.6290308545311842,2.9400810860837,
9,2021,03,25,07,N,N,2,1011.8930526315789,394.2279868421052,244.85912554642795,244.85912554642795,1.7247560709674625,3.117424994930421,
10,2021,03,25,07,N,N,2,1023.0775686090226,376.2497998120301,256.6720087391772,256.6720087391772,2.5039912718849107,2.5336646244495933,
11,2021,03,25,07,N,N,2,1022.8142412921261,371.3413155251745,261.0955250455401,261.0955250455401,3.231841156641549,2.5566189900286123,
12,2021,03,25,07,N,N,2,1009.3823787593983,365.9249210526316,241.1077343698513,241.1077343698513,2.3999875931294397,3.2361087621251388,
13,2021,03,25,07,N,N,2,975.8511315789474,360.2171447368421,221.38404998559173,221.38404998559173,2.8116258064452713,4.300111892583119,
0,2021,08,03,07,Y,N,0,1159.7972335851875,404.73321676941885,325.86211743311,325.86211743311,1.7207628060243827,2.168956043956044,
1,2021,08,03,07,Y,N,0,1176.2797914107534,391.843980672932,325.8524413468774,325.8524413468774,1.9174764816138015,2.245227102618743,
2,2021,08,03,07,Y,N,0,1186.3712080754062,431.75799763341513,288.4366812230769,288.4366812230769,1.2083949040350026,2.005879833869894,0.27876987895807426
3,2021,08,03,07,Y,N,0,1213.43532511387,451.5836033936031,263.91370069051044,263.91370069051044,0.7959110774522982,2.3661391482011744,0.24489318215733177
4,2021,08,03,07,Y,N,0,1239.5974422300599,465.1454492286493,251.23910496993128,251.23910496993128,0.5664993689607174,2.2404912569290314,0.2953650553286422
5,2021,08,03,07,Y,N,0,1260.5565000000001,487.334662014854,252.34218312318635,252.34218312318635,0.5003064321549799,2.055758819442982,0.25982774900547745
6,2021,08,03,07,Y,N,0,1262.5799872634263,497.90834421040967,255.13367863049712,255.13367863049712,0.2767530391935901,2.2279358919027725,
7,2021,08,03,07,Y,N,0,1249.144427631579,502.78667105263156,273.2753976790309,273.2753976790309,0.3758489296886052,3.0193670822224385,
8,2021,08,03,07,Y,N,0,1237.4692445150556,503.80390225563906,297.74138699495757,297.74138699495757,0.6845386252789535,2.5859554292596685,
9,2021,08,03,07,Y,N,0,1239.7727391182138,466.36809570152053,339.6864629688851,339.6864629688851,5.689520722164963,2.0128397183172346,
10,2021,08,03,07,Y,N,0,1221.1852652732541,465.1212868421038,316.9942287551898,316.9942287551898,6.015816652128684,2.9235417100410723,
11,2021,08,03,07,Y,N,0,1241.4835072160695,457.1159515345658,371.08928981244793,371.08928981244793,0.46911000833217326,2.436261486146243,0.3451678275936246
12,2021,08,03,07,Y,N,0,1235.971804417349,427.674281512993,398.7267489323487,398.7267489323487,0.653686234127183,2.1979458020163136,
13,2021,08,03,07,Y,N,0,1219.547892730719,393.7541842105263,429.71014010606706,429.71014010606706,0.5747618540545473,2.3841367704674714,0.4012955428726204
14,2021,08,03,07,Y,N,0,1202.567572368421,368.8142565789474,455.364099871446,455.364099871446,0.583767448124922,2.117741729726795,0.421008569472511
15,2021,08,03,07,Y,N,0,1204.4196196605433,354.79088479441924,468.4243760077352,468.4243760077352,1.1105180628765428,2.1598927827639405,
16,2021,08,03,07,Y,N,0,1194.9328196012752,344.72389650084665,464.9121369478922,464.9121369478922,1.3385432298801483,4.323908662551842,
0,2020,07,28,10,N,N,0,1168.637661618421,636.3541186960525,207.0470622045573,207.0470622045573,0.3871014043818152,2.1515279624565404,
1,2020,07,28,10,N,N,0,1180.5105407572366,636.873264706579,215.04656584309205,215.04656584309205,0.43369066727122063,2.483968258599196,
2,2020,07,28,10,N,N,0,1197.7133861782893,610.9579391197369,239.90560783135678,239.90560783135678,0.6729999090152322,2.3302948926700364,0.22019872789572642
3,2020,07,28,10,N,N,0,1218.4356621842107,580.9350255296052,245.92916832207592,245.92916832207592,0.8999607910526993,2.2448579847451446,0.30548848347221097
4,2020,07,28,10,N,N,0,1262.1718305256577,546.5002589453946,251.34181151934072,251.34181151934072,0.9545008702207075,1.7585968597965502,0.41345657996780205
5,2020,07,28,10,N,N,0,1316.705213917105,507.3485439940789,242.72700929735564,242.72700929735564,1.2917363163924287,2.0713362809177083,0.5001117683898905
6,2020,07,28,10,N,N,0,1383.5181136776316,459.6851303111842,221.6933543608851,221.6933543608851,1.3777999315155025,1.9869229270401831,0.5533480144866105
7,2020,07,28,10,N,N,0,1448.0051099144737,416.5064257296052,198.08349554880763,198.08349554880763,1.2087751746336834,1.6939282910493292,0.5097192311473081
8,2020,07,28,10,N,N,0,1498.600391506579,372.1081670881579,172.7787829252052,172.7787829252052,1.0887888076285777,2.5105241607928206,0.5543116920693087
9,2020,07,28,10,N,N,0,1545.1435277171051,330.53148215625004,158.1058439599821,158.1058439599821,0.8983358558622826,3.210690101431973,0.5101544055149438
10,2020,07,28,10,N,N,0,1575.5932007302633,308.36902866210534,149.2661106015976,149.2661106015976,0.3993704909952481,1.8114100621682006,0.2711058809133265
11,2020,07,28,10,N,N,0,1589.3726449013159,302.78471683421054,144.35852048413733,144.35852048413733,0.36179537101032566,1.9631337880382418,0.23703570240668057
12,2020,07,28,10,N,N,0,1590.611377618421,304.44677449802634,147.03226039395733,147.03226039395733,0.30426327765584843,2.3994846903221365,
13,2020,07,28,10,N,N,0,1581.9421244144735,316.1255506125,166.88538645447719,166.88538645447719,0.4170812962676067,2.695054945054945,
14,2020,07,28,10,N,N,0,1570.6534838684208,340.2899449,188.20036659563286,188.20036659563286,0.45627792723246197,2.6169742348249763,
15,2020,07,28,10,N,N,0,1564.245402019737,358.9381577835527,205.59779808474823,205.59779808474823,0.3735754640859113,2.7645931854523185,0.2191333081685766
0,2020,06,29,20,N,N,0,786.114599269079,395.42537357763155,121.37749451915194,121.37749451915194,0.3900027692896624,2.3314169383248333,
1,2020,06,29,20,N,N,0,788.2614313763158,407.3102727664473,131.00904752639934,131.00904752639934,0.17818627662852937,1.3963681531418721,
2,2020,06,29,20,N,N,0,796.2160218611841,410.6500649151316,147.68939290864014,147.68939290864014,0.26737601050203164,1.5111323709185551,
3,2020,06,29,20,N,N,0,806.8959068361842,409.0579146578948,166.56650799487556,166.56650799487556,0.21328282139974664,1.8955029868645987,
4,2020,06,29,20,N,N,0,814.4416657072368,425.14848076644734,176.6826085037522,176.6826085037522,0.3508947638908134,1.683516899268898,0.3949910121764042
5,2020,06,29,20,N,N,0,820.5420567092106,436.5476251026316,186.7325938778597,186.7325938778597,0.2560387829134413,1.556139865374237,0.239784106889549
6,2020,06,29,20,N,N,0,824.927045213158,445.4057694769737,184.53715810007714,184.53715810007714,0.3552146990011942,1.927086720127167,
7,2020,06,29,20,N,N,0,838.3132420467106,457.9323475776316,187.0212334873135,187.0212334873135,0.28387167861942136,1.581227653676762,0.26658517348521943
8,2020,06,29,20,N,N,0,854.658225274342,463.30112092960525,186.34169159819376,186.34169159819376,0.2999401687625333,1.6055835519791226,0.275192410443643
9,2020,06,29,20,N,N,0,869.892186749342,464.5973671828947,183.49952985447356,183.49952985447356,0.32540489400391687,1.6258979834688685,0.2573364801619378
10,2020,06,29,20,N,N,0,885.1771146651314,456.10009800657895,179.55919498572837,179.55919498572837,0.28446291263179413,1.4038366576319277,0.2926953221804363
11,2020,06,29,20,N,N,0,900.1009829592105,449.88516579276325,178.66125443541895,178.66125443541895,0.2927083647572644,1.3452279760329307,0.4176795339291475
12,2020,06,29,20,N,N,0,915.9336067263158,448.60489496907894,175.33878347538135,175.33878347538135,0.2905511719347993,1.5205873483150536,
13,2020,06,29,20,N,N,0,928.9229003388158,445.3953290032895,166.83273053635813,166.83273053635813,0.3174264484563732,1.679665972633175,
0,2021,10,08,26,N,Y,0,1288.7889586365836,404.06544958565735,355.88708219559584,355.88708219559584,7.156721301919839,2.4277506166051053,
1,2021,10,08,26,N,Y,0,1348.338512152688,386.18258025019867,360.36763793891515,360.36763793891515,9.658408809722749,2.5991989743415522,
2,2021,10,08,26,N,Y,0,1293.8039680451127,396.4180347744361,383.7386804690148,383.7386804690148,4.885850182502086,2.792275750983181,
3,2021,10,08,26,N,Y,0,1263.4809539473686,394.01158740601505,384.76242258873526,384.76242258873526,1.125279966492396,3.1676108029023964,
4,2021,10,08,26,N,Y,0,1217.141375,379.3269934210526,387.85570730227755,387.85570730227755,0.7127518351210455,2.8755543131544274,
5,2021,10,08,26,N,Y,0,1169.3426842105262,371.2393815789475,409.65937103962784,409.65937103962784,0.9206880003352207,2.997925272667835,
6,2021,10,08,26,N,Y,0,1111.4055065789473,360.19140789473687,420.6683533274441,420.6683533274441,0.9378824407161902,2.4557734032999,
7,2021,10,08,26,N,Y,0,1040.7367687969925,372.79802349624055,438.65130079236854,438.65130079236854,2.8867103256797697,2.1562117413579234,
8,2021,10,08,26,N,Y,0,1011.2969652255639,344.48937781954885,433.4316763108957,433.4316763108957,2.790110659182333,3.0920275019602825,
9,2021,10,08,26,N,Y,0,987.247427631579,374.31504605263154,401.9079937834005,401.9079937834005,0.6422684363021309,2.4112827569767075,
10,2021,10,08,26,N,Y,0,1000.7519219924811,431.265507518797,384.01945185131154,384.01945185131154,1.3560566921242483,4.668516859306333,
11,2021,10,08,26,N,Y,0,1010.2172697368422,443.0286240601504,339.21569238555037,339.21569238555037,3.4085888838034735,5.7026125151125155,
12,2021,10,08,26,N,Y,0,976.3048016917295,419.5803684210526,328.401999116955,328.401999116955,6.885960804340234,5.741550582511681,
0,2021,08,03,08,Y,N,0,881.2498880831727,309.5647790693251,363.4017243272186,363.4017243272186,0.869153650635344,3.391805700259763,
1,2021,08,03,08,Y,N,0,878.5873389596536,308.51261462116395,365.1090712808227,365.1090712808227,1.5569661586745445,2.7256295716950505,
2,2021,08,03,08,Y,N,0,905.4878760720841,312.7416862073183,339.08996467509314,339.08996467509314,4.045332057880956,2.2464394117819153,
3,2021,08,03,08,Y,N,0,796.4398157894738,297.8920253759399,344.31772752185094,344.31772752185094,1.3042533999292423,2.2748781622867846,
4,2021,08,03,08,Y,N,0,773.9028618421053,293.261125,316.73055428590294,316.73055428590294,0.359831823132083,2.2600277380856943,
5,2021,08,03,08,Y,N,0,770.8384144736842,297.76644736842104,287.79767771745975,287.79767771745975,0.38296110041986214,2.8353472320212165,
6,2021,08,03,08,Y,N,0,769.8528630510388,316.29112963297206,259.08586157683334,259.08586157683334,0.3328741045470526,2.6578988763147926,
7,2021,08,03,08,Y,N,0,781.7848700411403,338.6878078565663,229.3665512173502,229.3665512173502,1.6037883580894334,3.5294216652912307,
8,2021,08,03,08,Y,N,0,779.7753730295769,360.43245467403267,226.116460378772,226.116460378772,1.1196426833540531,2.7757841765805753,
9,2021,08,03,08,Y,N,0,798.5311963218157,382.8868804892408,205.9444188673082,205.9444188673082,2.012253569516886,2.4102791368373087,
10,2021,08,03,08,Y,N,0,769.4044532389898,396.1287446354511,240.59424110499117,240.59424110499117,0.3251372008772266,2.4498399799646338,0.20998764608823242
11,2021,08,03,08,Y,N,0,780.899697368421,413.0507236842105,243.82634075363617,243.82634075363617,0.5335457075260003,2.2960979809664024,0.31369891758363433
12,2021,08,03,08,Y,N,0,803.9309407894737,435.2217588014871,243.7982162300066,243.7982162300066,0.573506609223694,2.2741455912508535,0.32729026457510296
13,2021,08,03,08,Y,N,0,820.739317669173,422.16646428571426,244.0640649674174,244.0640649674174,1.3776717122154911,2.6904797505126443,0.28829709701404277
14,2021,08,03,08,Y,N,0,857.5459407894738,444.95742387218047,211.0800053781338,211.0800053781338,1.4160669463084667,3.1900656908880594,0.26724858202905094
0,2021,10,06,33,Y,N,0,1303.5219407894735,266.1856118421053,290.8981346196227,290.8981346196227,0.3084572909097881,2.349504533156281,
1,2021,10,06,33,Y,N,0,1299.2147763157893,254.55503947368413,278.84321698340307,278.84321698340307,0.2544027825734398,2.0470448277375564,
2,2021,10,06,33,Y,N,0,1303.4852211350537,252.57212461397935,284.48581139968684,284.48581139968684,1.0763386518600926,1.741176651416498,
3,2021,10,06,33,Y,N,0,1291.1593026315788,249.10237500000002,286.9184951971693,286.9184951971693,0.3044813815135821,1.669630351737205,
4,2021,10,06,33,Y,N,0,1281.7206184210527,256.41421052631586,299.3568064106972,299.3568064106972,0.2369882649812217,1.650137101279461,
5,2021,10,06,33,Y,N,0,1282.0582631578945,259.31042105263157,315.4758022272214,315.4758022272214,0.17708805368079975,1.5061034227401706,
6,2021,10,06,33,Y,N,0,1270.201322368421,248.28180921052632,318.2796895756252,318.2796895756252,0.4058548274740881,1.7016104731431685,
7,2021,10,06,33,Y,N,0,1312.2198016917293,261.2119013157895,300.9641978724458,300.9641978724458,1.231874249621436,2.047357431877161,
8,2021,10,06,33,Y,N,0,1291.5399248120302,260.8236334586466,303.3003603124298,303.3003603124298,1.164178534393974,2.194073279970855,
9,2021,10,06,33,Y,N,0,1234.65075,242.2464276315789,297.6126362390878,297.6126362390878,0.7836821345300489,2.112127665978322,
10,2021,10,06,33,Y,N,0,1213.2506748120302,248.1312236842105,288.6406114765314,288.6406114765314,1.1523946829966867,2.083179693749133,
11,2021,10,06,33,Y,N,0,1187.9689379699248,257.24601879699236,283.7272033248579,283.7272033248579,0.6364874308304952,2.472799384900528,
12,2021,10,06,33,Y,N,0,1166.8739295225478,261.0277314977139,281.4648397682785,281.4648397682785,1.2616206334572833,2.4933777844962064,
13,2021,10,06,33,Y,N,0,1153.1143261278194,262.2184219924812,280.1148712919505,280.1148712919505,1.0731898701238176,2.465362050230472,
0,2021,08,03,17,Y,N,2,610.1072266554708,385.064215322908,220.92088950587313,220.92088950587313,2.586662130257048,4.926385704960233,
1,2021,08,03,17,Y,N,2,593.3779540094383,398.8891609920075,208.42234816839382,208.42234816839382,2.240758180578887,4.047078207487615,
2,2021,08,03,17,Y,N,2,582.6012565789473,403.7227171052632,186.1716397487143,186.1716397487143,2.0976781674701663,2.761711688961981,
3,2021,08,03,17,Y,N,2,579.9123138365543,414.23617822935375,180.10386584051352,180.10386584051352,2.3532921010904495,2.5374145452897032,
4,2021,08,03,17,Y,N,2,579.2689207836988,417.17384443346646,163.76067223066374,163.76067223066374,3.4160543187368755,3.1372704367648465,
5,2021,08,03,17,Y,N,2,589.9332765240079,433.85725518660837,155.38386304275846,155.38386304275846,2.862749505690539,2.33286661627969,
6,2021,08,03,17,Y,N,2,591.5588638912536,435.2248578153632,149.97601563364506,149.97601563364506,2.7948418269805795,2.6634198659414565,0.2318281100657223
7,2021,08,03,17,Y,N,2,602.5880780075189,432.059587406015,166.65280030661202,166.65280030661202,3.454691268569752,3.3573120294164887,0.21520746920924938
8,2021,08,03,17,Y,N,2,623.3150595994069,441.689565905552,181.05224740565015,181.05224740565015,2.820618891605792,2.373529128072113,0.22575086991608256
9,2021,08,03,17,Y,N,2,658.8927378274321,424.93619767558465,205.07412949788645,205.07412949788645,4.40859985121509,1.995281629782205,0.40972687038925254
10,2021,08,03,17,Y,N,2,683.9282236842106,416.0858110902256,209.79983362969926,209.79983362969926,2.7189089293309707,2.0834656766583692,0.3776657913333173
11,2021,08,03,17,Y,N,2,749.2482063390383,384.3463190989715,195.27279369698948,195.27279369698948,4.377335572870003,1.4703188741434907,0.3815687559093073
12,2021,08,03,17,Y,N,2,797.242449039902,323.7759762572187,196.78673592079315,196.78673592079315,12.557650971175075,1.792773737729309,0.271968293474235
13,2021,08,03,17,Y,N,2,889.5579875861214,360.5329252132102,166.4861863484763,166.4861863484763,3.561559933537198,2.198419145308447,0.24621253942002996
14,2021,08,03,17,Y,N,2,905.349506029945,398.39265170573833,196.8277098789007,196.8277098789007,3.5620778397519643,2.577619893139327,
15,2021,08,03,17,Y,N,2,908.8346071365653,400.05490686593714,216.60628934080594,216.60628934080594,4.589873323171015,2.7919908342176583,
16,2021,08,03,17,Y,N,2,935.0367644979733,412.48693161168677,249.30501619093315,249.30501619093315,6.6048494737716155,2.1091072503467543,
17,2021,08,03,17,Y,N,2,958.7457368421053,392.0644285714286,254.20522236754263,254.20522236754263,6.000189653288715,2.220855178918852,
18,2021,08,03,17,Y,N,2,975.805717309112,386.21014804382924,270.31901480108445,270.31901480108445,5.1102521762072755,3.1017888093158983,0.26561506337356366
19,2021,08,03,17,Y,N,2,977.4968683968076,367.6779085556673,296.37710583119616,296.37710583119616,4.794549135085511,3.483526524644946,
0,2021,03,25,30,N,N,2,706.5461398037266,466.6737823564539,314.3097426182523,314.3097426182523,1.787442855783858,3.002893740228005,0.2281182283992528
1,2021,03,25,30,N,N,2,730.822404169151,456.6912791030382,334.0997508686821,334.0997508686821,1.564263838522544,2.622475998355154,
2,2021,03,25,30,N,N,2,748.2349956931729,444.7397970309772,356.06828998211296,356.06828998211296,2.1946054954685077,3.2736545564895603,
3,2021,03,25,30,N,N,2,742.5068550163177,420.6368298862367,373.16977198469607,373.16977198469607,3.5086303705434814,3.2600415497922937,
4,2021,03,25,30,N,N,2,715.8769344279787,409.18066592153747,359.54295832615543,359.54295832615543,3.3515668461492236,3.0875449661569836,
5,2021,03,25,30,N,N,2,697.046480263158,395.00350657894734,357.9483555069739,357.9483555069739,2.213542261131197,2.658532500701631,
6,2021,03,25,30,N,N,2,694.8717434210525,380.2494868421052,360.3365794912788,360.3365794912788,1.9160159763432703,3.6484976791532016,
7,2021,03,25,30,N,N,2,701.9995394736842,365.34169078947366,365.156824997061,365.156824997061,1.9779700640346285,3.1092864783195404,
8,2021,03,25,30,N,N,2,686.8312236842106,355.2432039473684,343.87562994300373,343.87562994300373,2.444436664183,3.054788080056309,
9,2021,03,25,30,N,N,2,671.3637105263157,348.32846804511274,319.11243039982327,319.11243039982327,3.6693581224550305,2.8447415075887164,
10,2021,03,25,30,N,N,2,660.0852236842105,353.0242828947368,299.7089397152105,299.7089397152105,2.1079983177771062,3.2287858979188204,
11,2021,03,25,30,N,N,2,662.9036079926158,358.7948119512456,277.02502753991337,277.02502753991337,2.517098844767667,2.9876697632930314,
12,2021,03,25,30,N,N,2,657.9852602086029,375.1187602181167,256.0231102765747,256.0231102765747,2.8711076148622174,3.199700679867089,
13,2021,03,25,30,N,N,2,612.0871250000001,413.6367039473684,255.75719119585855,255.75719119585855,2.563349998717208,4.20265071649604,
14,2021,03,25,30,N,N,2,595.9039934210526,449.4505,238.8659950348216,238.8659950348216,2.0872314021380904,3.98302906628432,
15,2021,03,25,30,N,N,2,606.8937763157896,427.7046513157895,189.3634948727294,189.3634948727294,1.823503975152977,4.177257750532559,
0,2020,07,28,11,N,N,0,1250.5896578947365,492.05278947368424,445.93548963152364,445.93548963152364,0.48332026638295283,2.960721030627857,
1,2020,07,28,11,N,N,0,1191.0635977443608,532.3802828947369,450.4248816215783,450.4248816215783,2.442412466717981,1.6780222984250326,
2,2020,07,28,11,N,N,0,1143.7312597269333,568.9292613236576,451.0463250840652,451.0463250840652,4.0342647814443025,1.6027232896668844,
3,2020,07,28,11,N,N,0,1168.786847744361,575.2907593984961,417.4591195846845,417.4591195846845,7.687616793263518,2.062161977662297,
4,2020,07,28,11,N,N,0,1172.0293439849625,569.7331315789475,355.669146388104,355.669146388104,2.6582092920554627,2.1556199549177193,
5,2020,07,28,11,N,N,0,1180.0470000000003,566.3355263157894,286.8149390080918,286.8149390080918,0.2650925692072017,2.2485230184475036,
6,2020,07,28,11,N,N,0,1188.3272500000003,559.3833157894736,240.97875513312263,240.97875513312263,0.4055846138352693,1.8862975595546576,
7,2020,07,28,11,N,N,0,1206.940144736842,567.6149276315789,213.09388548231834,213.09388548231834,0.39331773332264663,2.6699447093870834,0.11946054552672092
8,2020,07,28,11,N,N,0,1240.6686578947367,567.3804276315789,205.85268423571858,205.85268423571858,0.7988063875383669,3.256563190479686,0.1779455399939033
9,2020,07,28,11,N,N,0,1290.2043745563321,556.6791392427579,237.33571414678053,237.33571414678053,1.46884205462283,2.348538206702966,0.22778142162382592
10,2020,07,28,11,N,N,0,1350.836767242889,546.6005369683656,293.6222956677378,293.6222956677378,3.0842067662783705,2.433591584842845,0.2283361424925741
11,2020,07,28,11,N,N,0,1411.643437969925,542.7947293233082,331.24199195512165,331.24199195512165,1.4177964386821977,2.196688004528908,0.24833236527785812
12,2020,07,28,11,N,N,0,1469.5021941412876,562.0180725104708,381.00878669132624,381.00878669132624,4.35013775617579,1.9286535602496138,0.25304870537377483
13,2020,07,28,11,N,N,0,1504.4497819548872,582.059947368421,432.3168762354768,432.3168762354768,0.6119339681224307,1.9939252476717357,0.26640077232047915
14,2020,07,28,11,N,N,0,1507.3305434662707,585.5845531147404,435.52780390872505,435.52780390872505,3.0757062289215495,1.909040908956942,0.221852592214475
15,2020,07,28,11,N,N,0,1530.920056126644,590.369937268301,425.02597476425234,425.02597476425234,1.7677223160268385,2.511334286645464,0.20585150484235715
0,2021,10,06,36,Y,N,2,1225.5479539473683,360.798177631579,242.9859791627379,242.9859791627379,1.839054709701509,2.8627015035263113,
1,2021,10,06,36,Y,N,2,1235.2944342105263,355.7010592105263,227.96150969911474,227.96150969911474,1.8182609156253737,2.9541149141162593,
2,2021,10,06,36,Y,N,2,1251.4923618421053,344.60123026315785,212.69596859313862,212.69596859313862,1.6979933313229896,2.8242179137101058,0.3829077554789364
3,2021,10,06,36,Y,N,2,1271.6401184210526,323.7637565789473,198.67118107763082,198.67118107763082,1.7293163297068643,2.8150234193948016,0.4005371891088636
4,2021,10,06,36,Y,N,2,1285.2081578947368,305.8152434210526,186.0736371341265,186.0736371341265,1.8813216778302186,2.9655955919837327,0.26250033745198953
5,2021,10,06,36,Y,N,2,1291.868677631579,298.74761842105266,173.07301124410688,173.07301124410688,1.9091727926291113,2.759271878825916,
6,2021,10,06,36,Y,N,2,1299.3146417207238,295.5499524393093,162.31663878119457,162.31663878119457,1.9168217163174508,2.906815710055791,
7,2021,10,06,36,Y,N,2,1302.5201220855495,294.5484725780264,159.5507963445263,159.5507963445263,2.3494757661405643,3.4303618208416964,
8,2021,10,06,36,Y,N,2,1294.137721804511,295.4710808270677,166.36312001910994,166.36312001910994,2.6335795960407555,3.2893452007229094,
9,2021,10,06,36,Y,N,2,1295.5718815789473,303.4450855263158,184.2190612126557,184.2190612126557,2.2095932112560033,3.484183289620596,
10,2021,10,06,36,Y,N,2,1296.7906882036812,312.444351727165,205.86434794804964,205.86434794804964,2.60566498630268,3.2589225467514944,
11,2021,10,06,36,Y,N,2,1277.0612275171325,323.11010281513296,229.39692778129083,229.39692778129083,3.8992755999242354,3.3181938736403453,
12,2021,10,06,36,Y,N,2,1223.7703421052631,324.8892302631579,246.95930865911842,246.95930865911842,2.2696365754378474,3.104688455588733,
13,2021,10,06,36,Y,N,2,1216.6256447368419,320.11236184210526,255.0351546154657,255.0351546154657,2.022668880261623,2.7775477231746586,
14,2021,10,06,36,Y,N,2,1233.8142753759396,314.022852443609,253.62550823021627,253.62550823021627,2.520727917318471,3.2625305090751797,
15,2021,10,06,36,Y,N,2,1263.0195768000374,310.9461473110147,242.1673017336024,242.1673017336024,2.0671420944088013,3.807312820620568,
16,2021,10,06,36,Y,N,2,1227.7753946045955,310.68274919475095,246.35837426670886,246.35837426670886,2.651380322699177,3.1886209627391624,
17,2021,10,06,36,Y,N,2,1225.3231249999997,306.45305921052625,240.07347817055444,240.07347817055444,1.894914946763305,2.9003711859964327,0.24837400328650694
18,2021,10,06,36,Y,N,2,1233.7852302631577,303.08335526315796,237.18202935631697,237.18202935631697,1.8387562819655912,2.898799483908396,0.2977135187055301
0,2020,07,28,03,N,N,2,1234.2627768927632,442.24546064013157,363.7544139271652,363.7544139271652,2.185171185997389,2.8285904082633957,0.47058828191786234
1,2020,07,28,03,N,N,2,1237.583670361184,484.0171968782894,384.2302613566413,384.2302613566413,1.9266697801180246,2.229524979237191,
2,2020,07,28,03,N,N,2,1245.8630579092105,516.4307902210527,401.8466288651178,401.8466288651178,2.1348417559168147,2.315199988383864,
3,2020,07,28,03,N,N,2,1235.4951939197367,544.4457785848684,394.3037087023992,394.3037087023992,2.463890320491142,2.09935582709099,
4,2020,07,28,03,N,N,2,1204.7333498802634,530.697292238158,341.4955293012086,341.4955293012086,2.449384079234611,2.5058391703432825,
5,2020,07,28,03,N,N,2,1189.3699664894737,503.886547680921,281.5116592821012,281.5116592821012,2.211404675877243,1.9766266168980242,
6,2020,07,28,03,N,N,2,1170.7413993671053,467.49968620131574,234.20490937380194,234.20490937380194,2.5362832304061333,3.229569025081371,
7,2020,07,28,03,N,N,2,1146.4808258019737,427.44794678289475,197.20959861771829,197.20959861771829,2.497413401481398,2.9005584425476063,
8,2020,07,28,03,N,N,2,1123.568109657237,377.920383302171,170.54086087376174,170.54086087376174,2.5097703447925084,3.264131353827463,
9,2020,07,28,03,N,N,2,1103.7029125177633,328.3456516159868,159.06880832804055,159.06880832804055,2.3349280485506765,2.7243960893397485,0.3806814720015451
10,2020,07,28,03,N,N,2,1098.1192541032894,281.4274441853289,159.55962689656204,159.55962689656204,2.3141780342045055,1.8431771575464324,0.38695487586576605
11,2020,07,28,03,N,N,2,1084.7790890230262,246.15084074835522,162.8145555406238,162.8145555406238,2.225847624264067,2.059528306644637,0.4871758870123508
12,2020,07,28,03,N,N,2,1070.7718112723685,228.81670589217106,159.67399499865147,159.67399499865147,2.2574586802592767,1.9757366287636173,
13,2020,07,28,03,N,N,2,1057.9731634894736,238.58517400453948,152.82847847284916,152.82847847284916,2.106838360961433,2.601666935492768,
14,2020,07,28,03,N,N,2,1065.9015850473684,262.6065282423027,141.03185190473042,141.03185190473042,1.7981946107298261,3.6553346562138125,
0,2021,03,25,01,N,N,0,885.7159276315789,408.74683552631586,220.73771428427938,220.73771428427938,0.6709798541590931,2.936150900967835,0.27115700233907586
1,2021,03,25,01,N,N,0,924.9494210526315,411.53740131578945,250.8264045683977,250.8264045683977,0.6567944287028343,3.1452617541219023,0.25131986299198467
2,2021,03,25,01,N,N,0,938.7073176691729,420.4834229323308,270.76318470012393,270.76318470012393,1.620615975759226,2.345744977231798,0.22849561822710082
3,2021,03,25,01,N,N,0,974.6806635338347,407.7548157894737,258.25367166537444,258.25367166537444,1.820310746194378,1.8523460910448966,0.3015798957693745
4,2021,03,25,01,N,N,0,1017.7013289473683,407.67678947368427,242.55412969029547,242.55412969029547,0.6844370515178584,2.246518133679148,0.2720137252904045
5,2021,03,25,01,N,N,0,1062.4671381578949,417.610625,224.66136952993196,224.66136952993196,0.7401510672124415,2.3216605478242403,0.29464141675531175
6,2021,03,25,01,N,N,0,1074.2377894736842,438.80290507518794,210.0856400640135,210.0856400640135,1.689890027459999,2.7401913293469047,0.25591890022920555
7,2021,03,25,01,N,N,0,1115.3448311403508,438.3186370300752,210.7399199432608,210.7399199432608,1.828330805928046,2.5153237702117286,0.2211074921891115
8,2021,03,25,01,N,N,0,1144.8598875313282,442.15164755639097,210.26835746951818,210.26835746951818,3.350188915805078,2.354004949516894,0.1701259972811668
9,2021,03,25,01,N,N,0,1146.933022556391,442.1148045112782,202.91777948704402,202.91777948704402,0.23564243193795692,2.5898895583821213,
10,2021,03,25,01,N,N,0,1141.8035639097745,428.71178947368423,205.82850485858847,205.82850485858847,2.1918883786481107,2.008234672402937,
11,2021,03,25,01,N,N,0,1152.1252349624058,394.0559821428571,196.93501406270485,196.93501406270485,2.6690059376629285,1.7422980827575583,0.3352094202758082
12,2021,03,25,01,N,N,0,1154.095677631579,370.5361983082707,168.7167993997348,168.7167993997348,1.0934823890811498,1.5472770756743635,
13,2021,03,25,01,N,N,0,1126.4392086466166,343.10034962406013,160.29736692004323,160.29736692004323,2.584429678518884,2.0832546842473696,
0,2021,07,07,19,N,Y,0,896.2676569548872,422.8357565789474,439.4128851353198,439.4128851353198,1.7434748987206803,3.5916097428226728,
1,2021,07,07,19,N,Y,0,912.3462919799498,447.8788546365915,441.83762550378026,441.83762550378026,1.9333985169738022,2.096764999480088,0.22565626690641336
2,2021,07,07,19,N,Y,0,966.8817183095928,475.1989198083149,414.9390314081567,414.9390314081567,3.929195930108991,1.8956032242796947,
3,2021,07,07,19,N,Y,0,990.2535639097746,447.4433308270677,391.8859180950976,391.8859180950976,0.6194810287920758,2.07839356678731,0.25256672393600854
4,2021,07,07,19,N,Y,0,1020.5185789473686,420.3210225563909,368.4273090119227,368.4273090119227,0.9419753441915574,2.275737400585875,0.35930686442155313
5,2021,07,07,19,N,Y,0,1065.6465263157893,387.0807293233083,342.21841860543987,342.21841860543987,0.8313849109804621,2.2268663138183795,0.3317370163739313
6,2021,07,07,19,N,Y,0,1110.4975722706579,375.72566586456725,320.7934916470432,320.7934916470432,1.3595692984987209,2.0266011774747277,0.2649385560137468
7,2021,07,07,19,N,Y,0,1166.3475014254116,367.24711584720023,330.66550045357405,330.66550045357405,2.215381579412326,1.957014313323331,0.27960615798946065
8,2021,07,07,19,N,Y,0,1178.1977607290157,332.9253817068636,355.9322765043306,355.9322765043306,4.807609819472339,2.190664726397293,0.30644949747981154
9,2021,07,07,19,N,Y,0,1210.0046027514402,343.5150224537806,371.2223249522787,371.2223249522787,1.4078451748897576,2.2083792706471472,0.2538321432199295
10,2021,07,07,19,N,Y,0,1221.9599354626678,334.9693327067669,391.6804547092333,391.6804547092333,5.792038829424749,1.6929769027770873,0.33568923293135705
11,2021,07,07,19,N,Y,0,1260.2404793233081,315.724530075188,404.48387503514505,404.48387503514505,1.0280239638672266,2.0990916343398527,0.33895241982488444
12,2021,07,07,19,N,Y,0,1297.5471531954888,314.3854586466165,427.14556100465035,427.14556100465035,1.1941388785956655,1.3984126049818777,0.290082911673946
13,2021,07,07,19,N,Y,0,1311.5320592105263,300.31456390977445,422.0843307231415,422.0843307231415,0.9587055019323583,1.8924149669989452,0.3084787354824935
14,2021,07,07,19,N,Y,0,1344.603980263158,309.2117631578947,419.5473680800173,419.5473680800173,0.7899412184540925,2.3805194104183767,0.27336819439557997
15,2021,07,07,19,N,Y,0,1383.7719915413531,335.6442042606517,395.3359451802509,395.3359451802509,8.581585203728487,1.265834609173425,0.22136011947860887
16,2021,07,07,19,N,Y,0,1483.1423834586465,366.059734962406,271.93933692243706,271.93933692243706,2.4657869482510995,2.2367126383221314,
17,2021,07,07,19,N,Y,0,1380.4989407894736,350.7171447368421,398.89781140088405,398.89781140088405,0.5318839946228703,2.6911067674299343,
18,2021,07,07,19,N,Y,0,1326.153424529398,371.26874180034207,397.2929762555191,397.2929762555191,3.003120421199704,3.7322818397347923,
0,2021,08,03,11,Y,N,2,716.5325629751784,511.2194047458895,227.9007168860775,227.9007168860775,1.4893876694816963,3.646224990056242,0.27934721421463854
1,2021,08,03,11,Y,N,2,756.9055059745393,533.6302737022473,218.41086174647089,218.41086174647089,1.3506581224201095,2.955212572503408,
2,2021,08,03,11,Y,N,2,798.9980263157895,532.9265072183156,231.40676558106958,231.40676558106958,1.3570655152267888,2.35401414721013,0.1940563646863439
3,2021,08,03,11,Y,N,2,834.8140263157895,529.3071644736842,246.39877454583194,246.39877454583194,1.3932919101604602,2.543170800805842,0.25862529777112986
4,2021,08,03,11,Y,N,2,887.2388486842104,501.78642763157904,260.0214384832572,260.0214384832572,1.4076902554301574,1.8646930891948794,
5,2021,08,03,11,Y,N,2,931.8646710526315,485.46346710526313,259.4752616929644,259.4752616929644,1.2531837036780253,2.112339703580605,0.37656941421762247
6,2021,08,03,11,Y,N,2,972.2425855263159,465.07753289473686,259.21669654852803,259.21669654852803,1.4641006501884,2.1250059971498345,0.21732368799387375
7,2021,08,03,11,Y,N,2,996.8413224119162,435.93368477949355,267.1432410113034,267.1432410113034,1.947982310427087,1.8428427035671964,
8,2021,08,03,11,Y,N,2,1009.2431010954908,412.8644096061582,282.1147421845455,282.1147421845455,1.7201140876556495,2.2155899295247714,
9,2021,08,03,11,Y,N,2,1033.1953333312895,402.0217322783048,293.3165763250948,293.3165763250948,1.6574118391441592,2.3940204927316384,0.2637585305581069
10,2021,08,03,11,Y,N,2,1069.212067937742,392.54252630143935,278.7388758496777,278.7388758496777,1.4979602529307818,3.162460886696957,
11,2021,08,03,11,Y,N,2,1095.3685903460087,382.43385208591786,246.2748636409567,246.2748636409567,2.144523080514324,2.7229647474290766,
12,2021,08,03,11,Y,N,2,1095.230315789474,360.4584868421053,208.34082375367947,208.34082375367947,1.7950757611898676,2.822212109269765,
13,2021,08,03,11,Y,N,2,1107.5310592105263,347.87825657894734,182.84867519036487,182.84867519036487,1.810260317381025,2.7280391985139727,0.23897129334132156
14,2021,08,03,11,Y,N,2,1115.8216513157893,344.5845921052632,162.2376840508483,162.2376840508483,1.9203632040403682,2.680734948439639,
15,2021,08,03,11,Y,N,2,1121.8842747982937,346.80206598843813,152.85217574540297,152.85217574540297,2.206153425622816,2.362092811502231,
16,2021,08,03,11,Y,N,2,1131.3874175487147,369.8379086593177,165.36187971328798,165.36187971328798,1.8054393270049245,2.4525764340909055,
17,2021,08,03,11,Y,N,2,1136.0230183192004,380.1060065949252,181.3657929051302,181.3657929051302,2.0259542219535738,2.7517454196518574,
18,2021,08,03,11,Y,N,2,1128.7148380246078,364.96435271402305,190.856417044745,190.856417044745,2.5581828514205194,3.0477257507311553,
19,2021,08,03,11,Y,N,2,1120.6548143834098,361.4282456380459,207.90008348576194,207.90008348576194,2.625942553157342,3.4532994563074317,
