,Year,Month,Day,Trial,Tailbeat_Num,Ablation,Darkness,Flow,X_Center,Y_Center,X_SD,Y_SD,Z_SD,School_Polar,School_Speed,School_TB_Freq,NND,Area,Groups
0,2021,10,06,34,0,Y,N,2,0.1827529848418954,0.059197209510838934,1.0936537644333468,0.6619569943729108,3.3667676553303236,0.7133267673046803,4.104740667534318,4.597518139103258,1.976031511067629,0.19849519807975946,4.0
1,2021,10,06,34,1,Y,N,2,0.18057184768613166,0.1022703443114197,1.1285314153030876,0.6532327238273077,3.850408827635768,0.6674964515239088,21.737670907437007,2.4826640261761606,1.783348825955401,0.41589268678525537,4.0
2,2021,10,06,34,2,Y,N,2,0.17835682012634138,0.1575699128064322,1.108878947943488,0.6267889685933922,4.284465931748367,0.6050325172594216,11.821484275875592,3.0671493249649795,2.433908541664845,0.4604073897615186,4.0
3,2021,10,06,34,3,Y,N,2,0.19015124593459762,0.23251119330790776,0.9306465193041505,0.5553298462233889,4.830277350458603,0.5752851319583496,27.120372622542572,2.3062188923462092,3.5859913322086063,0.2633952160478639,4.0
4,2021,10,06,34,4,Y,N,2,0.20409048316415893,0.16998584961837676,0.6222857515934661,0.6064816018840784,2.7201966497338996,0.40829623283121247,30.850321146297034,2.804597323643495,2.4793618159305146,0.0948827010026578,3.0
5,2021,10,06,34,5,Y,N,2,0.23875610238565811,0.09998559321814518,0.7486131605425852,0.5924404064731613,3.4865469007761747,0.5540695905405381,19.685665763325183,4.442016695355102,1.885210778768992,0.2628060299346629,3.0
6,2021,10,06,34,6,Y,N,2,0.2533879974417169,0.04496230486272781,0.7847346504728367,0.5766459341661524,3.1085159913297353,0.6523298131677532,2.1260765186122352,3.9224897352932224,1.4597599552603386,0.18472141690248164,3.0
7,2021,10,06,34,7,Y,N,2,0.2544745995751936,0.053790712003692065,0.8160822487278226,0.6088772874596694,3.429155742892146,0.7567686213804192,2.1914401704750204,2.4532503487224857,1.184890434435422,0.195599343066337,3.0
8,2021,10,06,34,8,Y,N,2,0.25430360124073476,0.0674955268088247,0.8449495490224461,0.6434550997974451,3.7470077347593502,0.810410045645134,2.09145571202683,2.709411087969778,1.0697112133722366,0.2485540414699294,3.0
9,2021,10,06,34,9,Y,N,2,0.25342603704698746,0.07503583893053378,0.8868415086413092,0.6899085673598265,4.025146911261865,0.9241292052732983,2.793148599938987,3.5640097527375247,1.437350728404942,0.3223040457380348,4.0
10,2021,10,06,34,10,Y,N,2,0.2676904019689067,0.004367781355591516,0.9311853756784467,0.5929612863927636,3.4370544734968345,0.5716135833751298,13.509854150531357,3.1078842963429643,3.4488415541716186,0.2006493486350445,3.0
11,2021,10,06,34,11,Y,N,2,0.24283156660920982,0.13888240090469578,0.9259675811589787,0.6178639322735663,4.079323402200511,0.6132078199577823,26.06782802558174,3.045332236214726,3.622227018745667,0.29460162399242684,4.0
12,2021,10,06,34,12,Y,N,2,0.23545529155864203,0.22754470377783817,0.8159607668881962,0.7527500680112139,4.993515869904429,0.7579264132433469,21.590635609241094,4.055684548440379,2.4564568686546258,0.5426641748920075,5.0
13,2021,10,06,34,13,Y,N,2,0.24006501577969894,0.12695236914352892,0.9030174402995966,0.702412943390653,4.3997966619998605,0.9607269357410573,13.601844252965003,3.4523624051731017,1.7129328515719806,0.6000444974682911,5.0
14,2021,10,06,34,14,Y,N,2,0.23729483067472626,0.09937883071046305,0.9591901380262451,0.6621906166211047,4.265539610282892,0.9491421882445753,9.70588262281398,5.535354708145489,1.6459999217103007,0.5772369283836809,6.0
0,2021,08,03,11,0,Y,N,2,0.10800805515406858,0.046138192965518486,0.9838506270485388,0.6676832020610066,0.5864220946540016,0.40149701847321534,4.5553632250633465,4.2441029043196234,1.093364511153559,0.16175475203770096,1.0
1,2021,08,03,11,1,Y,N,2,0.12414854434256012,0.03323572914380896,0.8990349125884385,0.582851865398992,0.8265647319274828,0.30558760088085213,6.64102681054765,2.630514179748103,1.1238710797456093,0.18251883603196628,2.0
2,2021,08,03,11,2,Y,N,2,0.14441899043124107,-0.003422942864710259,0.8542815233194815,0.4902461587617666,0.9296509084193444,0.10487167969813418,5.984962025682051,2.033927065930979,0.9437874735115768,0.15401812845849214,1.0
3,2021,08,03,11,3,Y,N,2,0.16360013344161825,-0.02328633136382241,0.9257889263006629,0.45838539209543494,1.35133467421337,0.10532445910316363,3.2278049791601533,1.7961891968041095,0.9465431134908824,0.25481113195099114,2.0
4,2021,08,03,11,4,Y,N,2,0.17618251041156405,-0.02587600008748665,1.071360643510528,0.4931671387682375,1.4607415009512335,0.3293994588329144,4.066407612850066,2.393793757061247,1.1127523723070514,0.3812546204320648,2.0
5,2021,08,03,11,5,Y,N,2,0.19082910610714182,-0.02825559911050421,1.072448263353501,0.5876748754817352,1.611865367987879,0.2556335296803688,1.5302843425179924,2.633095990693131,1.301525472054965,0.506943392410859,2.0
6,2021,08,03,11,6,Y,N,2,0.20321012351586182,-0.02747018935442802,1.0499101246033447,0.6504741008759595,1.6497221483680935,0.2665296987534344,1.8886237891876996,2.216656114861975,1.3565686656240807,0.5644334037934404,2.0
7,2021,08,03,11,7,Y,N,2,0.20795094313217605,-0.03638079136121695,1.0145372589024801,0.6178009940752421,1.7140602343739313,0.3978438446157244,4.381664687800989,2.9029202387381687,1.4411692539251697,0.5264886512807063,2.0
8,2021,08,03,11,8,Y,N,2,0.21405614440202003,-0.05390745440254339,1.0546494570081837,0.6803990717290738,1.9736190951355674,0.24182488458977303,3.3904699534814546,2.12409068228054,1.5199993495392767,0.603578409850822,3.0
9,2021,08,03,11,9,Y,N,2,0.22789196716801827,-0.07066877896166299,1.0939206857792367,0.7222839252675098,2.3217884325088796,0.3169481722900786,5.987637981253967,2.3053881798144893,1.6802334043023641,0.4588590822167906,3.0
10,2021,08,03,11,10,Y,N,2,0.2349793690014177,-0.05136183626907964,0.8602494516128631,0.7704459943940215,2.3921840941147487,0.247613436139208,11.751473794842928,3.792617872015313,1.8327280057952897,0.3517173221700091,3.0
11,2021,08,03,11,11,Y,N,2,0.2426473161377178,-0.042303975615947266,0.6832212483952015,0.8228904845364134,2.2451161273214963,0.5944195696707488,3.7743535301037987,3.6535076230201904,1.7084346884163553,0.2380213948117061,2.0
12,2021,08,03,11,12,Y,N,2,0.23620985335765443,-0.030013170012779436,0.6470704149912154,0.7079091639120858,1.9021206913193112,0.5604201394516573,1.9930766665801771,2.7882782878332706,1.4417440532968735,0.2628461101466519,2.0
13,2021,08,03,11,13,Y,N,2,0.23837062061978073,-0.027541109609926232,0.6309274807370183,0.6876173712953725,1.7094329718503063,0.6228986602925514,1.9654885558599777,2.558382229388359,1.3623375630760195,0.2028481413769033,2.0
14,2021,08,03,11,14,Y,N,2,0.23878942795270838,-0.025729752484551078,0.6287165219342862,0.6962521884006251,1.5052602983570007,0.6753423241080512,2.0884796552251843,1.993677503691367,1.1825149805594997,0.15549789765207786,2.0
15,2021,08,03,11,15,Y,N,2,0.23646647988567643,-0.011916541039329698,0.6786147739317244,0.6790830727760986,1.2489773745950061,0.5960992818069605,5.030341733126867,2.0049129856692662,1.2550387436004673,0.16587699531665911,2.0
16,2021,08,03,11,16,Y,N,2,0.2431119087334648,-0.017225645254522012,0.7987820935730577,0.5858124845128087,0.8817124866511685,0.483654160227065,1.8751117601397767,1.771679744803552,1.0733519355085435,0.09492096465182434,1.0
17,2021,08,03,11,17,Y,N,2,0.24625996627350774,-0.024327921732094655,0.8581019460104801,0.5521914420745775,0.8227614074018621,0.5538261495967456,2.3556445197058324,2.5031628506145918,0.7968530093014898,0.07760765732075726,1.0
18,2021,08,03,11,18,Y,N,2,0.24225452552644886,-0.02172162112130953,0.8467292257984381,0.580933131657352,0.9050725825230334,0.7073741430399588,2.7570265171433546,4.775108328204304,0.96279362672582,0.16101586456571906,2.0
19,2021,08,03,11,19,Y,N,2,0.239735383155188,-0.008505774548878672,0.8863425823867347,0.5606995783101124,1.2349952539134585,0.6758049714730506,3.287529529263101,5.109276902540631,1.1211163505816484,0.25535703093071477,2.0
0,2021,07,07,19,0,N,Y,0,0.20715031134118408,-0.019231540014815095,1.2209496667257889,0.6770889173533192,3.24334199197767,0.2371650002762519,6.165932267009437,3.463111375098407,2.4082189115948753,0.9286556827464408,6.0
1,2021,07,07,19,1,N,Y,0,0.21807326655327053,-0.0010724056009892174,1.1936086390356373,0.6162408122716825,3.292408103432326,0.23355726848067124,4.949104012973791,1.5966585537159417,2.4129886938313883,0.7602170020053608,4.0
2,2021,07,07,19,2,N,Y,0,0.22562677665898645,-0.04302695379828022,1.0811923559373293,0.5002626037332439,3.306413510760096,0.2614109615068266,10.92767166599914,1.988312677024289,1.8148986269642506,0.5740101683593195,3.0
3,2021,07,07,19,3,N,Y,0,0.23303136618181441,-0.03175636572135729,1.0058390014263408,0.39113508777282746,3.464049608173324,0.38545910254736226,0.8573678249817611,2.4866491012965946,1.6408256451824281,0.5163147671428407,4.0
4,2021,07,07,19,4,N,Y,0,0.24030816604279784,0.020417354948846306,0.951246637877177,0.5070840476030344,4.1929479681629145,0.4504378782537381,8.626400217786069,3.07288296776775,1.7619305438686352,0.8066640825495395,4.0
5,2021,07,07,19,5,N,Y,0,0.25300742276617144,0.15168887713029583,0.8729903152441925,1.0579336998724171,5.9240637332026225,0.6316271623528684,1.3524215265232378,2.097800399331855,2.6923582834906603,1.7966897827170722,5.0
6,2021,07,07,19,6,N,Y,0,0.26946214194645784,0.12653500136264414,0.8552085455980548,0.9949669313152841,5.25736256709425,0.6685637782718417,4.893088721115389,1.8610312987057338,2.456311022459989,1.5071118288440455,5.0
7,2021,07,07,19,7,N,Y,0,0.2876490431849319,0.13416266496605736,0.8228874279923697,0.9907484221930899,5.7767883431012885,0.6100149650773546,2.434864084027093,1.9843893879716292,2.855093056527479,1.258898710549314,5.0
8,2021,07,07,19,8,N,Y,0,0.30441266155374985,0.1691655660665559,0.9176462179569659,0.857039458874868,6.030581279734385,0.6032189669004889,11.850733782814213,1.563666554103517,3.253698720308827,1.2090514098006206,4.0
9,2021,07,07,19,9,N,Y,0,0.31145456710153907,0.08841258029447438,0.973838813360068,0.6671185759466891,5.443187542039958,0.39486685819787226,10.661804278869061,1.6533931003340445,3.0295802464275416,1.1821148194709379,5.0
10,2021,07,07,19,10,N,Y,0,0.32569191686610044,-0.044257840773893865,1.016501525569651,0.31624161018468255,2.852496490765009,0.36816204103741257,24.974013730469633,2.5190040600769454,2.0984010546481215,0.3923158818805175,4.0
11,2021,07,07,19,11,N,Y,0,0.3397823571078716,-0.04822171954700629,1.0286437377752866,0.3554134277291459,2.80723561291917,0.3476778141053487,2.1397758525979578,2.678266583261889,1.9456307439078184,0.46399821462512153,4.0
12,2021,07,07,19,12,N,Y,0,0.35434795737899716,-0.07300197118549827,1.1253802145995209,0.40281629272588154,2.660253615979057,0.3488177887336384,3.219381897685267,3.5061916444720196,1.8619839714490716,0.46126563312809554,4.0
13,2021,07,07,19,13,N,Y,0,0.36040698888503186,-0.06169085600830527,1.1139704081205835,0.4545352032211953,2.497485828382356,0.39817094759709964,1.9949775169313055,3.6703981204735037,1.5140589341410466,0.48651719446650393,3.0
14,2021,07,07,19,14,N,Y,0,0.37622193934885834,-0.05438318886006415,1.1419425595492756,0.5137646749771484,2.374316209976593,0.3869700353214678,0.9310274898036061,2.404778544499443,1.4183610868267698,0.5159227992979917,3.0
15,2021,07,07,19,15,N,Y,0,0.38431743849362326,-0.054948038552890176,1.1166032389427272,0.5490138563727888,2.491004584664064,0.23531288819806265,31.831612002006086,2.2934048478971207,1.7435326021763975,0.5419676088860319,3.0
16,2021,07,07,19,16,N,Y,0,0.37825714969525714,-0.04746696231802014,1.0578119025018182,0.5395288435671222,2.452685941514971,0.08266170957034329,25.996333085809688,1.89417264059629,1.7127536272162116,0.3772002464561878,3.0
17,2021,07,07,19,17,N,Y,0,0.38959325445790854,-0.0710301696706169,1.1403160338352272,0.4959769290449464,1.993095356253532,0.2540211285834686,0.8810696503557839,1.834368298456864,1.6100781260864017,0.4277862094417247,2.0
18,2021,07,07,19,18,N,Y,0,0.3742349331027858,-0.07234108471048356,1.0907147586941222,0.4538798327169348,2.126283268878799,0.524179173949888,4.165066328715903,2.4417434251017838,1.6912988063484686,0.39806666829574966,3.0
0,2021,08,03,08,0,Y,N,0,0.2049986332353394,-0.22000880775109702,1.1549056424933297,0.3255326194758073,1.7740064117510557,0.1157218807276847,5.466119415807916,4.16116292746008,1.9017871977736651,0.10946803414101082,4.0
1,2021,08,03,08,1,Y,N,0,0.20897822837632357,-0.23581309529584096,1.0116217875838907,0.2626906553194096,1.6127340408682924,0.17203970380460176,3.84176072318438,3.2048231206393902,1.6580900602944326,0.07375420397528121,4.0
2,2021,08,03,08,2,Y,N,0,0.21488019994711047,-0.2694372180202542,0.6902723457162531,0.2025186359556279,1.295197694796052,0.3453272538299665,2.632453480677679,2.332751244193348,1.207417509029512,0.034392718066530124,3.0
3,2021,08,03,08,3,Y,N,0,0.17392708014390068,-0.2275587060706564,0.9994123957837084,0.1792815135350723,1.4984954954945504,0.42935153610190663,0.6475293286217546,2.6238555863106567,1.4995293375890948,0.053722067476111204,3.0
4,2021,08,03,08,4,Y,N,0,0.16811165673093514,-0.21623055571145536,0.8572924666861583,0.18508694906938755,1.4496514462235606,0.4403234219803813,0.7889419835127758,2.0906789763686286,1.3236060903612035,0.0551222729314342,3.0
5,2021,08,03,08,5,Y,N,0,0.1643269933681944,-0.19509513895728522,0.7338097856298662,0.209296372078604,1.7003469802219437,0.0949619279593012,5.3944615342395315,2.4519244864161207,1.1947840906124638,0.048829489211325836,1.0
6,2021,08,03,08,6,Y,N,0,0.1559562440517677,-0.12461497854671799,0.6841953623373419,0.23891567251035592,2.629336820958338,0.1288209330087742,10.930972114245517,2.7846037267376578,1.2564735259040427,0.09414079761136493,2.0
7,2021,08,03,08,7,Y,N,0,0.1395794039765005,-0.06155173673066444,0.7723539302543627,0.22662270301859214,2.8528472677664034,0.12096159592423991,7.354620858248428,2.5421484702140877,1.1121625371128445,0.08616087869977719,4.0
8,2021,08,03,08,8,Y,N,0,0.13659401824969486,-0.04615159197632877,0.86448057822798,0.2827041873973302,3.1528780158640517,0.30253134326342135,6.211486520098147,2.3693464504770003,1.7037773586512166,0.15512748415844205,4.0
9,2021,08,03,08,9,Y,N,0,0.1341736069137183,-0.0011946105288344801,1.0373635478018808,0.29573213439671886,3.972105761151705,0.21424457631949592,2.8004100289125398,3.1889483865652206,1.3996810171540182,0.1940490213735444,3.0
10,2021,08,03,08,10,Y,N,0,0.1193549561519963,0.030708699547654362,1.287871932344666,0.44827700616108074,4.510671816286357,0.2446229221282533,1.4419277467838663,2.833906203936158,1.8696082802525948,0.3565517685993579,5.0
11,2021,08,03,08,11,Y,N,0,0.1152970086598617,0.07008284799709028,1.4116996538781987,0.6333630510033322,4.9684152922231455,0.25356438523079683,5.131748062440762,2.5385821081268043,1.7614433200999253,0.566501533782155,4.0
12,2021,08,03,08,12,Y,N,0,0.1067929576648384,0.1397503171433039,1.6694853135997128,0.7927068750804113,5.851307677242606,0.314807434640925,5.004128279740972,2.680542849029237,1.6087508499417493,0.8224943558385145,3.0
13,2021,08,03,08,13,Y,N,0,0.1109406255624676,0.17807381127665242,1.631684922325407,0.9138630560732477,5.7637853656348845,0.41689584441343486,5.71914577587714,2.033472736713323,2.1393917973070606,0.8176133599976074,4.0
14,2021,08,03,08,14,Y,N,0,0.1371923936166557,0.13570697889310862,1.264477317454584,0.9362518207533475,4.66528954243294,0.5999827481134273,7.841993562163231,2.6535405251582027,2.1542549109635805,0.5553114831942276,5.0
0,2021,07,07,27,0,N,Y,2,0.3064918431748998,0.06350086204728823,1.4928448790257869,0.8673193636420283,0.4811615641435125,0.15380184747966436,4.65278160035578,6.536948111935004,1.458946176767604,0.2765649298035203,3.0
1,2021,07,07,27,1,N,Y,2,0.3294487812070996,0.07608814976445244,1.4121127017121653,0.8597576821552128,0.4876088921478481,0.26575730955180904,4.683987141048912,3.6779535678606834,1.3654325973760837,0.20645672450394761,2.0
2,2021,07,07,27,2,N,Y,2,0.34659864703917753,0.07653908031901932,1.3788119742946048,0.7766744227461085,0.46379350545548137,0.3251080729636584,4.415622524024007,2.1456383037415874,1.1862105545984516,0.18432545350085167,2.0
3,2021,07,07,27,3,N,Y,2,0.3626075099891504,0.06345742998580643,1.3031474290541358,0.7445604918706484,0.6268282900920318,0.4445909858618974,7.83053196808152,2.4536612746296638,1.3278297838647444,0.2560381318940847,2.0
4,2021,07,07,27,4,N,Y,2,0.3573060205527586,0.04315881927171473,1.3560619354823635,0.7108669462222528,0.7766049032684801,0.6407070501379536,3.6400001281547825,2.2854502947948534,1.47367670804265,0.26936065621458694,3.0
5,2021,07,07,27,5,N,Y,2,0.3469437212491554,0.0505778114879432,1.3412914004960916,0.7543661888844602,0.5005682602955001,0.7349525141987464,2.897225391645632,2.914163636247451,1.2596353987326643,0.20483867088304253,3.0
6,2021,07,07,27,6,N,Y,2,0.339032240401681,0.06287537583160957,1.4563898871133165,0.7983756292804273,0.3883196464514204,0.6864910624649834,3.965465271694098,2.6496102519560765,1.3763442735586369,0.13648649130965684,3.0
7,2021,07,07,27,7,N,Y,2,0.3244142161942643,0.06248970988516661,1.427734840756884,0.8039480435836869,0.46688543341533134,0.8348344819203471,8.57107042319518,2.644438749414097,1.2548251377027853,0.20866931077903045,3.0
8,2021,07,07,27,8,N,Y,2,0.316157109676952,0.06997677352965752,1.4466513089020634,0.7486563831835553,0.5299129227176218,0.8019935396956881,12.103604873243402,1.6880380679061844,1.344101321196554,0.17480575425660416,3.0
9,2021,07,07,27,9,N,Y,2,0.30750614638739515,0.05952995995723137,1.4079300716077967,0.6400888489131455,0.6581589095980448,0.7917533090641478,6.022784288998706,2.6270229809817875,1.324756417621804,0.15909894095276833,2.0
10,2021,07,07,27,10,N,Y,2,0.2966439573222321,0.05360861915657063,1.3736726683537075,0.5339423488615975,0.7081265158221433,0.8234661156591336,4.7143743864989,2.986834360737766,1.2693210120272729,0.15475776928651774,2.0
11,2021,07,07,27,11,N,Y,2,0.28571762507140863,0.04872081145702919,1.357185794607582,0.42657116804369555,0.6679935949208085,0.8829079752832387,4.365284111255394,3.2482195328819863,0.9593658914339752,0.11186499648178892,2.0
12,2021,07,07,27,12,N,Y,2,0.2657512574023117,0.04480372362450419,1.4022541625610219,0.47506490376297117,0.7072188030083029,0.8094584217205781,6.1200503782736675,2.4646994792352284,1.107678650573144,0.17868793842981232,1.0
13,2021,07,07,27,13,N,Y,2,0.263700263802578,0.041656411715549214,1.4564482015389526,0.6581702441124243,0.8235720293142508,0.867438124345557,7.449564466542936,2.9636412786343533,1.1952444158075557,0.3682582604508826,2.0
14,2021,07,07,27,14,N,Y,2,0.25783333780526874,0.03577649684410896,1.4896259070411155,0.726452452777934,1.2046936596371598,0.8561620818933146,7.331090652542094,3.4336651571049486,1.529768977952624,0.6367659471283059,3.0
15,2021,07,07,27,15,N,Y,2,0.2338704804216511,0.045022826211476165,1.5804481251284241,0.777377840753953,1.67764374480028,0.9058569434595639,7.975086047448816,6.5533683722538205,1.7762870724191948,0.9933003144964051,4.0
0,2021,10,08,27,0,N,Y,0,0.2168462002966305,0.08866554390949782,1.0710298151288105,0.7140687113720063,0.40696227070293267,0.3117062474189468,4.377748356289995,2.1871737100446174,0.8969864140222555,0.09511991767043063,2.0
1,2021,10,08,27,1,N,Y,0,0.23238470062586702,0.08787973720861289,1.4057510045371395,0.7386164115253814,0.41692790622835,0.27169977261426936,11.256417791102578,1.4971562021600733,1.188151577767338,0.13310262822825764,2.0
2,2021,10,08,27,2,N,Y,0,0.23164029159616523,0.09512593764373309,1.4070253066155964,0.6976688423972919,0.34472176145713773,0.22652310385824723,9.237446906491508,1.173237028692823,1.221530054027273,0.1568544130374682,2.0
3,2021,10,08,27,3,N,Y,0,0.20979110739563678,0.09909714088564554,1.1273141210406101,0.6778384980799388,0.2198653594510185,0.1820578660017981,9.282676516087912,1.2630854949498906,1.1380643423885213,0.05158534617065253,2.0
4,2021,10,08,27,4,N,Y,0,0.20784215883983786,0.10472217374672045,0.944219603779324,0.6196414861554324,0.19015491178037325,0.207219655023052,5.334664221992282,1.1366263043542564,1.0257758723072932,0.022080740665401898,1.0
5,2021,10,08,27,5,N,Y,0,0.21797813751410408,0.10002276685671893,0.8184444880898489,0.5590297552539089,0.20579343553035276,0.2621752592915132,3.5524404204466467,1.4186971746604213,0.7931593541080524,0.02604106832052349,1.0
6,2021,10,08,27,6,N,Y,0,0.24385705762628201,0.09123359345552003,1.1317687159599528,0.6674911250234875,0.5238782708086441,0.2562132886434528,6.646897729716283,1.417787048946188,0.947246622210029,0.09709121336143389,1.0
7,2021,10,08,27,7,N,Y,0,0.23826353873289738,0.10726525421577575,0.8396318230331218,0.42174411398214245,1.0599627993466771,0.2914160147514794,1.1117055003498273,2.39169790677867,0.8922322485079661,0.1581452923163724,2.0
8,2021,10,08,27,8,N,Y,0,0.25009159924553,0.1111408905710569,0.958184123376506,0.39830644572023016,1.291384720491487,0.3738612991771917,2.1432352672793766,2.23751523776579,1.155055890871597,0.2119209478228144,3.0
9,2021,10,08,27,9,N,Y,0,0.26709660483983033,0.11449706044511988,1.0560075845314414,0.429067884769074,1.3550046523928614,0.4317401220911754,2.601664085555568,1.6143647162964219,1.318386642922447,0.23117540733214895,3.0
10,2021,10,08,27,10,N,Y,0,0.2854431054000609,0.11820591864826813,1.1378538366965354,0.454457579970808,1.2718124776848208,0.555087540018317,1.8290630520407798,2.385891664475868,1.2913733676902919,0.223195801456525,3.0
11,2021,10,08,27,11,N,Y,0,0.32329929703863497,0.1151297806168279,1.198881264219993,0.45627299722282244,1.2903236736473946,0.6327540958718411,5.4085167035621655,1.0756216021282439,1.4726780487224869,0.251569040501593,4.0
12,2021,10,08,27,12,N,Y,0,0.35521587040728003,0.11407321948171835,1.2885622621768444,0.4707093545525885,1.342584288397921,0.5979904765388158,5.145418192720239,1.5172825419072902,1.6611974197515356,0.2875555058247086,4.0
13,2021,10,08,27,13,N,Y,0,0.35867911718639656,0.1065391106143946,1.2998448394698936,0.5043613518651375,1.124656354751164,0.6672492481686957,4.807705024344117,1.2302422370497492,1.4115463029791329,0.2672687710879216,3.0
14,2021,10,08,27,14,N,Y,0,0.38135302879648547,0.10336395876878159,1.2773671625821243,0.7029227643602187,1.0115261287286639,0.4989208963232655,11.798890944385406,1.3129710567605029,1.3848995757665685,0.3223936797908438,3.0
15,2021,10,08,27,15,N,Y,0,0.3848349773697032,0.09803461046078835,1.3535142299607394,0.6157887565997747,0.7371034209896624,0.48393367198447745,4.039611068687966,3.196775963764856,1.0752097961485112,0.2819047457302921,2.0
0,2020,07,28,03,0,N,N,2,0.28215415532159865,0.16179969659416016,1.1810476225198823,0.6518265027981991,4.351486934460451,0.7773363157683306,2.250029959967316,3.373670218238536,1.767738729391149,1.7418150643866557,6.0
1,2020,07,28,03,1,N,N,2,0.28204520050104315,0.1830600160544641,1.2444593816286025,0.5951102917112128,4.984624453447349,0.8082068350958919,3.1872722302377245,2.070378410377178,2.356116297246606,1.90565550409214,6.0
2,2020,07,28,03,2,N,N,2,0.28350831606029303,0.1059204658553294,1.351498745475914,0.37954262682159107,4.293129570147461,0.6301127547036792,24.21695224100652,2.0623894383008037,2.26432342921533,0.9662092584139444,5.0
3,2020,07,28,03,3,N,N,2,0.2807997892028084,0.021000440861048103,1.3053851267211585,0.381799194839295,2.6694151854661214,0.6766930113464982,2.4786871110912863,2.1946409251306633,1.6917796461124006,0.5344220265036612,4.0
4,2020,07,28,03,4,N,N,2,0.274201320505897,0.008280570143946463,1.0715109631088118,0.39995151243459265,2.2579158135291433,0.6542089982997416,8.670284066364934,2.3720362651360247,1.3210017195567882,0.2938928684386934,2.0
5,2020,07,28,03,5,N,N,2,0.2699169249703835,0.032951833058239136,0.8357970082911429,0.45464757773670766,2.621206999789918,0.5978235808965714,8.284290166339199,3.1009989602694774,1.2930805292998793,0.2084917180029627,2.0
6,2020,07,28,03,6,N,N,2,0.2615208093743977,0.004258412670316675,0.6809662695436438,0.5357544562836665,1.6239320082098805,0.725315364659111,2.528712820225026,2.5952716959091346,0.7663502069292562,0.07047085643158965,2.0
7,2020,07,28,03,7,N,N,2,0.2595137646658962,0.048583573264086445,0.5609195771661211,0.581750532874972,1.875820191429526,0.8112334528048902,4.032811482423595,2.6825835147058688,1.0155121256185164,0.18669916147476076,2.0
8,2020,07,28,03,8,N,N,2,0.2531393946906571,0.047285989358012696,0.4977061762956082,0.6106195339762767,1.6839777967844196,0.8745900751296185,2.3553241218218006,2.264740686068418,0.9343353667979006,0.19175258046813837,2.0
9,2020,07,28,03,9,N,N,2,0.2475946872103755,0.043300746131812826,0.48013903427633875,0.5968084314983119,1.6648931502934845,0.8915528299441221,3.4043296888861714,2.3124023369446176,0.9427119220443174,0.18028866717933598,1.0
10,2020,07,28,03,10,N,N,2,0.24615290003145418,0.039021563721497926,0.4911579209335897,0.5422952054900547,1.6549062123481442,0.8837959501240314,3.5261380551945845,1.972584696038242,0.9757492549058437,0.1333440380930455,1.0
11,2020,07,28,03,11,N,N,2,0.245276955575371,0.05112783632141099,0.5295560661693574,0.5193307299825763,1.6407497349726714,0.8085447927657823,4.391601961864351,1.6258968558827327,1.0377429482407152,0.12074524192042645,2.0
12,2020,07,28,03,12,N,N,2,0.23989858482842133,0.05420804103425804,0.5336630848875697,0.5109614044957936,1.612054187571835,0.8241692717103506,4.482544248751384,1.2450128796612776,0.9896077432649941,0.11674704545335379,2.0
13,2020,07,28,03,13,N,N,2,0.23479396195722194,0.05714673820591378,0.5218193676704376,0.5307421124595976,1.577412586703586,0.769903180517713,2.92096532011497,1.5513218737294698,1.0810057719104837,0.11819837556445979,2.0
14,2020,07,28,03,14,N,N,2,0.23356565256338582,0.04809141198804303,0.5143759889494417,0.5451648556085771,1.754826888045966,0.5324207040996563,4.923209754167774,2.0299942218967346,1.2755231869943717,0.08441665275677296,2.0
0,2020,07,28,29,0,N,N,2,0.18831958271459037,0.11152077264672677,0.40512695791579934,0.29102764561303895,2.684705143802841,0.8501955574481388,2.6681997119012384,6.530120402972702,1.073500671220855,0.1021348029135019,2.0
1,2020,07,28,29,1,N,N,2,0.18921142896200252,0.11742697916755562,0.4122763209225268,0.2151572728694092,3.042544975792059,0.8520491879333304,2.5291469001326603,5.865171852884069,0.9313603873675644,0.06341203921249168,2.0
2,2020,07,28,29,2,N,N,2,0.1884599725897066,0.1351209549453428,0.4189054471569731,0.2680304280458041,3.4586601548027445,0.8014962593882649,12.257987993220278,5.0968499257752775,1.3494342673551436,0.08786424482052613,2.0
3,2020,07,28,29,3,N,N,2,0.1928290184168429,0.1809663800761677,0.4733510623117645,0.2943981445610948,4.4751487892222865,0.6735843744546698,14.366411237358548,4.934684906468637,2.2321386395492198,0.11713289250485255,3.0
4,2020,07,28,29,4,N,N,2,0.20295006516781408,0.1381461805145185,0.5912743522918921,0.24112318058355725,4.512853918852819,0.6008994621790953,16.015823854604445,4.989312974226183,2.4769282947953375,0.11148945644035663,3.0
5,2020,07,28,29,5,N,N,2,0.21195738558286126,0.051221046800661994,0.6184090571767017,0.08202855644713974,2.8613804876406164,0.7215486552748352,2.9516354797797555,6.111175168685444,1.7986091132885569,0.02201956104802221,3.0
6,2020,07,28,29,6,N,N,2,0.20981505078298013,0.22717738850498892,0.5407902356843566,0.5320795645701052,6.2741087127561395,0.8383212148909053,10.984192399758916,6.239063645403033,2.9779313105214564,0.27536770074042133,4.0
0,2021,07,07,16,0,N,Y,2,0.301066272656416,0.01846722792987267,1.1271395986202755,0.6251872908411212,3.2029869368509254,0.15475687383826378,23.202671248021918,4.961172754647812,2.1971411938607392,0.7639227159487634,4.0
1,2021,07,07,16,1,N,Y,2,0.3201070109452325,0.07475271725127258,1.288009287218178,0.8234772876626651,4.46519867931417,0.24040953358353886,7.831370715894237,3.36194632318454,3.1787530201288767,0.896858528652273,5.0
2,2021,07,07,16,2,N,Y,2,0.3275638258688943,0.12629136438793004,1.351982570358392,0.9192950150911481,5.432653308744803,0.3928583413237323,22.659151737956435,1.7531549462628078,3.679191450769907,1.3629167512032583,6.0
3,2021,07,07,16,3,N,Y,2,0.3381405566213837,0.11077445129727403,1.6207476379880386,0.9481488874366137,6.362755710787296,0.23967380770537192,8.63044209711699,2.945373060969916,4.10426072424795,2.2214689242288856,7.0
4,2021,07,07,16,4,N,Y,2,0.34466125018288635,0.07755055485211566,1.7022674960991964,0.8832392479265687,6.325914198031989,0.3649844926926197,4.377008457843527,4.569095332720276,4.073326851108494,2.6266096965378702,7.0
5,2021,07,07,16,5,N,Y,2,0.3485746826072003,0.05003069761424209,1.7813317808369018,0.7688843696920828,5.766982460307458,0.5378781849833554,10.68298094233971,3.1847616571445028,3.861612593445465,2.72881203475396,4.0
6,2021,07,07,16,6,N,Y,2,0.35230417234733175,-0.09119825987958041,1.682616464868133,0.5722348592536055,2.213282219923291,0.5567442497287757,13.814447871109262,2.117001868202577,2.4624641838715,0.7262105853049691,3.0
7,2021,07,07,16,7,N,Y,2,0.38817518987596167,-0.09497225422455853,1.2346088909316129,0.5877148748053397,2.6922352272992978,0.6546352981081602,21.06707684458261,3.541405234429295,2.4600120466538606,0.5649504768519947,3.0
8,2021,07,07,16,8,N,Y,2,0.4017810390346199,-0.08949976156690358,0.8981211168797173,0.7458106493219067,2.8614633595919257,0.686080248734834,10.595458969147243,2.451267062191175,2.2414496674909383,0.3094025514045051,4.0
9,2021,07,07,16,9,N,Y,2,0.40393896379607935,-0.05610403516144941,0.8671814566538207,0.7538924569189469,2.7110015315768,0.6492312229682722,11.448041447046972,2.369094797491371,1.9899733087594074,0.2520025882251624,4.0
10,2021,07,07,16,10,N,Y,2,0.3882801958661777,-0.05992278284590612,0.8656909214817109,0.7047681822538214,2.6874477237756396,0.7273276861842725,12.626333396232445,2.529112640725248,2.0297434561180165,0.26008953109472227,4.0
11,2021,07,07,16,11,N,Y,2,0.3398694337475817,0.019540098491556673,1.6501331876155076,0.6396390295086701,2.3693731018200324,0.661187623017164,13.993852554708539,2.9357995485686468,2.423626734668352,0.4370373219369603,4.0
12,2021,07,07,16,12,N,Y,2,0.29285855768307106,-0.02240010455018441,1.7723627336152952,0.6354992029936248,3.2206068855062155,0.8690965923041991,5.847362403866734,3.973550646843787,2.6042376156272447,0.8900914217269554,5.0
13,2021,07,07,16,13,N,Y,2,0.2567983025538847,0.10095708485181015,1.6330078774299668,0.6229129852981841,5.47647350607516,0.895651409928008,10.381643213325106,4.12948308076929,3.351883973603677,1.7483477692584055,6.0
0,2021,07,07,14,0,N,Y,0,0.25517840405433706,0.10051769671957014,1.752181052267239,0.9435483761859731,5.520210771599092,0.5519638006540053,4.766348446167011,4.220801632970161,2.9880289429913707,2.8391792004436045,6.0
1,2021,07,07,14,1,N,Y,0,0.24840263947114072,0.11755816174130196,1.7177306694942927,0.9935093806732104,5.194396130242972,0.4875644956356699,3.6481726900953615,4.605790821413296,2.9148393911407884,3.2386617042826007,5.0
2,2021,07,07,14,2,N,Y,0,0.24464577944579313,0.11802476565191906,1.6923181807068373,1.0489921957176538,5.067605785403313,0.4383742318601794,9.41297099280573,2.9551619282561536,3.0293305830912325,2.89938794309346,7.0
3,2021,07,07,14,3,N,Y,0,0.23965534244669906,0.12298043839913458,1.7074528347363582,1.0121150286196992,5.085158641782483,0.5303307938222005,0.666494521796373,2.3140572602103733,2.9153769999679895,2.436934864773581,6.0
4,2021,07,07,14,4,N,Y,0,0.2354097504286059,0.1484772238009608,1.7017665937822108,1.004542650813096,5.359921488045699,0.5354220240115005,8.626756710204466,2.0708860536049998,3.061447091934299,2.256359363123952,6.0
5,2021,07,07,14,5,N,Y,0,0.22967171678137635,0.14838488893536184,1.6165039324614456,1.0018825772764242,5.6837184992186005,0.3385535209788482,4.713937767586238,1.8755918474012494,3.2348844359337825,2.15425237889187,6.0
6,2021,07,07,14,6,N,Y,0,0.22572489411639332,0.15041331414970963,1.5241745974546874,0.9452758967268401,5.863984300369703,0.2725752440754698,10.736369225006435,1.8757289887129163,3.4453633856432684,2.133261931631155,6.0
7,2021,07,07,14,7,N,Y,0,0.20616545480499357,0.21587740970438926,1.4318025974869648,0.8468629860473346,5.673575558470548,0.20444135958043216,15.144380117250199,2.3668307334588086,3.4860859968598397,1.8489203769361107,6.0
8,2021,07,07,14,8,N,Y,0,0.20045131621393258,0.2718384754965654,1.4934216207392785,0.8044372717848941,5.261519124754258,0.3056036350683993,26.461839534722024,1.5366683801138348,3.569083106416281,1.4817724157145833,5.0
9,2021,07,07,14,9,N,Y,0,0.18712538193546316,-0.04971272285903181,1.491744194274301,0.5158249999190359,2.9017973768486782,0.3571770332333348,12.95296240248378,1.4781249382114363,3.097387111767097,0.43062450352121906,4.0
10,2021,07,07,14,10,N,Y,0,0.200624107818358,0.03641941320462769,1.6622960617691198,0.5000280491194937,3.5993928103785255,0.46956006130692296,9.260713513659809,1.5887908101135024,3.470500100436145,0.4706139045933034,5.0
11,2021,07,07,14,11,N,Y,0,0.20743639325918542,0.002500474799402503,1.9162853598141703,0.4960502145593992,4.644203270120218,0.3429164517417835,12.657898712155527,1.7700337190048931,3.686857147886743,0.8425295377937178,7.0
12,2021,07,07,14,12,N,Y,0,0.2381040797557184,0.033714438408122854,1.9107568328618016,0.4335062523236913,5.505635053767667,0.3700091618740638,20.492868979073638,3.5340224242082874,3.850937615339337,0.9903306105601816,6.0
13,2021,07,07,14,13,N,Y,0,0.2900747150640219,0.19412111686883493,1.9598679800198417,0.37632275615978245,5.528217730700669,0.4378815394230938,13.380463992604083,4.850231830703248,5.086438637626969,0.49871223882893445,4.0
0,2020,07,28,11,0,N,N,0,0.2894852241403468,0.052191147037853144,1.492802396598466,0.6963001287240046,0.375467256608303,0.22853870874239027,0.6282623046154134,3.007577658197517,0.662942673839013,0.07184690318290601,1.0
1,2020,07,28,11,1,N,N,0,0.27369845420752514,0.05094573184890362,1.5032179435204924,0.6980146694514424,0.3501087512498688,0.3221547024936628,2.0108413957705533,1.5985301755864523,0.7769705717378667,0.06927649704431905,1.0
2,2020,07,28,11,2,N,N,0,0.26024310787558436,0.059134575302544824,1.4887768436816853,0.7261175280143407,0.5011571996592735,0.3293941456369108,3.352937769270306,1.688469669655456,0.9479871963263323,0.07613231973728966,1.0
3,2020,07,28,11,3,N,N,0,0.26674920171348526,0.05930939630537406,1.355777859257887,0.7957039091917992,0.576309957111896,0.177949395568988,5.560715289140969,2.8383900545272205,0.9157409613140818,0.10384457096273945,1.0
4,2020,07,28,11,4,N,N,0,0.268347406835156,0.06264710087895757,1.1439604040395812,0.8167576137681041,0.621731867988993,0.1480949080468681,2.4387625445243786,1.5394063114896044,0.894117979171928,0.10193793608569189,1.0
5,2020,07,28,11,5,N,N,0,0.27156752366258774,0.061593241863078074,0.9280274990830248,0.7741165488741942,0.5642809879296022,0.13720818126128206,0.6842561279651482,1.5013326323752523,0.7714134281035679,0.060920447041945755,1.0
6,2020,07,28,11,6,N,N,0,0.275237258316526,0.0643209856813246,0.800798289433296,0.7647162520670007,0.4682164359025048,0.12655663103029133,0.5928183158056992,2.3707465548708475,0.7866127771043709,0.06231996750963557,1.0
7,2020,07,28,11,7,N,N,0,0.28150896587311963,0.06648371325827297,0.7385031713640737,0.7272489196607042,0.4046130585541329,0.024290158807893102,0.6960703225006446,3.0815698244377963,0.7113827011929044,0.07387958835919056,1.0
8,2020,07,28,11,8,N,N,0,0.29247615698730983,0.0739770557333781,0.751689948339393,0.7007610980926028,0.3681360516682392,0.11692878663150882,0.8909698857313121,3.1281243344649874,0.6631349635489193,0.08388416353799048,1.0
9,2020,07,28,11,9,N,N,0,0.30717463026741987,0.076535032924283,0.8888152507499023,0.66994390983522,0.315201019886363,0.23264963703941036,1.1446092847522842,2.930183166083802,0.727832607537754,0.08350417435370763,1.0
10,2020,07,28,11,10,N,N,0,0.3242827529950634,0.07578961518095108,1.088750545954957,0.6219375692094998,0.2611081804142269,0.2796873622127916,2.7715806380922188,1.8291195604359203,0.770674781000721,0.07412833468906636,1.0
11,2020,07,28,11,11,N,N,0,0.34104417084550037,0.07273126961586619,1.2116926850411818,0.5945144095403376,0.22707922484391077,0.3493666225391073,1.3302658472592972,2.011387200674855,0.9016309708361109,0.09402374794657768,1.0
12,2020,07,28,11,12,N,N,0,0.35591712846765816,0.06223904715672973,1.372922065185617,0.5884959278122253,0.20287143095090723,0.35191294048297245,3.794938340069238,2.627194182931299,0.9993875566198601,0.08179416847557665,1.0
13,2020,07,28,11,13,N,N,0,0.3650066131119399,0.061796013030531775,1.5225357270851723,0.6075201702488938,0.23544040386312712,0.26785932978538735,0.8683616150481871,2.465860681085585,1.0217409430178577,0.06509764381922334,1.0
14,2020,07,28,11,14,N,N,0,0.36446782486254253,0.0604389619232341,1.5367681070663832,0.6932822963406929,0.38875174241416016,0.25598738247488173,2.957279413720895,4.673128791046018,0.9595429858874098,0.1687685797690156,2.0
0,2021,03,25,01,0,N,N,0,0.2242787596440357,0.10376146874499445,1.0261387457879148,0.7525859111564559,0.7029048458502694,0.4634952612657915,0.9372156688981882,3.7758514567824726,1.0343799191703464,0.18868979098049998,1.0
1,2021,03,25,01,1,N,N,0,0.237623154202681,0.1034555116760771,1.1590486014135875,0.7075447268186315,0.6266674777357292,0.451085006443811,1.3266615744384491,3.8272175364553394,1.1164845575950255,0.18105234658350525,2.0
2,2021,03,25,01,2,N,N,0,0.2400379526795095,0.10089170323976822,1.1275840930391505,0.7038179097318821,0.5243520223981836,0.32467450362411077,7.13724908773589,2.119874685821938,1.2888139161445713,0.14529274477314258,2.0
3,2021,03,25,01,3,N,N,0,0.25597523587967536,0.10396867544699778,1.2137762414792608,0.7271774659030791,0.43934837001178234,0.458933138263087,3.5371395889411765,2.7540749157783684,1.175369878058048,0.15274559935934234,2.0
4,2021,03,25,01,4,N,N,0,0.27683692168573115,0.11118632199415626,1.0779541047195673,0.6974059249098725,0.3992745630069748,0.49700907093207813,2.0498682891890567,3.102486469434784,1.0345363818345727,0.11878357418609499,2.0
5,2021,03,25,01,5,N,N,0,0.2884199762101591,0.10955836803210332,1.0901727923544606,0.6288834765813669,0.35386496747440593,0.58252840689387,1.0815016312328347,2.5697650378387147,0.9839445496049976,0.10481938182024383,1.0
6,2021,03,25,01,6,N,N,0,0.2902376503370799,0.09590738836880976,0.9886662999149046,0.5305118928495208,0.436516729308158,0.4353796597330785,2.500015778196808,3.49494199266624,0.9975274981829777,0.10688135106840208,1.0
7,2021,03,25,01,7,N,N,0,0.3039265654737405,0.0964571150372312,1.0280540315090145,0.5297358161478912,0.3402499077867369,0.36328704515096905,4.909298857894728,2.5874228895908353,0.8537167858277808,0.06909633950559584,1.0
8,2021,03,25,01,8,N,N,0,0.31623216830968076,0.091207290929946,0.9997806416095676,0.5257032186133829,0.3533785232004401,0.23771232619188867,4.574395529448983,2.3189585154670316,0.7756194269950109,0.07774025882111378,1.0
9,2021,03,25,01,9,N,N,0,0.3145373197108922,0.07550584804040028,0.9478897806433316,0.5791065509096347,0.3955445223243853,0.05877066037550996,0.75173824188096,1.4273793755726785,0.7614639349553317,0.0870680985118967,1.0
10,2021,03,25,01,10,N,N,0,0.3112554927565565,0.06907382538581122,0.940530635649458,0.5570345659937839,0.5737509006645943,0.12205437552227166,3.8007438747998634,1.2184095128963757,1.0095714062214902,0.09215765769571233,1.0
11,2021,03,25,01,11,N,N,0,0.3150419130959826,0.0592327718385384,0.8604701468415774,0.4598271172390774,1.2223674003179723,0.45306867255676886,3.506988126825177,1.4920584443449347,1.2843609115492687,0.2093563145332685,2.0
12,2021,03,25,01,12,N,N,0,0.31594316255686883,0.06448624738025821,0.7054447036534197,0.45480206877621354,1.6021064129967741,0.38571064256627574,2.4831732235316184,2.4046740492535688,1.3882395586991958,0.25168550345214247,3.0
13,2021,03,25,01,13,N,N,0,0.2990511356312299,0.035532650862705045,0.6214768780022683,0.46235302800216627,1.8313642020383403,0.3100474217718027,19.13909258718118,2.4475802277432717,1.4686526911125863,0.1302258987476114,2.0
0,2021,10,06,36,0,Y,N,2,0.3089420591408581,0.03697654281177026,1.1050971671832304,0.5367460948117107,0.2528839268911189,0.815666825999939,1.8820194170329676,4.150107664523299,0.8055725276761736,0.05527877385219944,1.0
1,2021,10,06,36,1,Y,N,2,0.3125485394715408,0.040346493641807736,1.032825774049572,0.5932380032657436,0.25311647931676295,0.8073073391215785,1.8877726376846322,2.9814199421187233,0.7962141502831441,0.055728140697900455,1.0
2,2021,10,06,36,2,Y,N,2,0.3185081686872889,0.04282492826141337,0.9611913661318048,0.5992106682314557,0.29515134127636106,0.7571748160008392,1.7876432795351125,2.6470494173069348,0.8246734677222289,0.0672158791538536,1.0
3,2021,10,06,36,3,Y,N,2,0.325859258178075,0.04189447423365553,0.9022271895258797,0.5752220449185403,0.29111292429549607,0.7598515645758612,1.9380714634625573,2.86575820016215,0.8416468479685673,0.08251554280469542,1.0
4,2021,10,06,36,4,Y,N,2,0.33061695730339435,0.03861846268616156,0.8500541328389513,0.5047350816319041,0.2465250575471246,0.8847150191215625,2.021878378765843,3.0333681697413826,0.7645805137017188,0.06129180786764774,1.0
5,2021,10,06,36,5,Y,N,2,0.3333650544003849,0.04114783068869929,0.7970936863080565,0.46099284251538053,0.24421751158273922,0.9739700526816342,1.9489389582404246,2.679068507638688,0.7288321532051494,0.051586410841607803,1.0
6,2021,10,06,36,6,Y,N,2,0.33686215749879644,0.04562188044587674,0.8034718453652133,0.46307782639301953,0.21559105139025117,0.8421870429335402,3.5320313771345306,2.031775321096665,0.7383414582885661,0.029621320623554322,1.0
7,2021,10,06,36,7,Y,N,2,0.34104061171114475,0.04337460109076647,0.782661748187164,0.4942931773349876,0.24275280176194494,0.8039863394007336,2.2920085333922136,2.739930274687443,0.740635588741507,0.025020171740906195,1.0
8,2021,10,06,36,8,Y,N,2,0.3348099599831347,0.03795704784177623,0.7851564972980887,0.5364770852120162,0.2923919473583004,0.9114459924117333,2.622839740754175,2.769946888031319,0.652761411745159,0.026397175988480518,1.0
9,2021,10,06,36,9,Y,N,2,0.3353907847891418,0.03501326041497545,0.8657136240802654,0.5518641832345702,0.3040754420006085,0.9724446214674778,2.231008445883535,2.803996174281543,0.6369685422483343,0.040906473073911986,1.0
10,2021,10,06,36,10,Y,N,2,0.3418591246280831,0.033501338343974243,0.9506142508861516,0.5733971218852186,0.34235630888910834,0.8585397945238817,3.571515055096819,2.560825848115701,0.7937254282270906,0.046793416164757205,1.0
11,2021,10,06,36,11,Y,N,2,0.33870025473376486,0.034869141948152306,1.0247002707451245,0.5545340351976935,0.30379142035122136,0.8167124002306452,3.557952484851206,2.638637187639696,0.8351715392123488,0.045619228091141405,1.0
12,2021,10,06,36,12,Y,N,2,0.31146946768117934,0.036918424347589775,1.1385003793838238,0.4815304299605872,0.2798484779396992,0.9753043514862949,3.861842019015809,2.3650762210456144,0.6801555725576592,0.05405634251456635,1.0
13,2021,10,06,36,13,Y,N,2,0.3126363480230992,0.04179275154429182,1.1651014821429466,0.44794183517096964,0.2555146058201219,0.9451675130396758,3.54178907279245,2.424456196138196,0.6648409656422131,0.042969462152547815,1.0
14,2021,10,06,36,14,Y,N,2,0.3282954836332754,0.04576052339946499,1.1152643148697798,0.42397856174016946,0.2357072691562017,0.8322736113982286,6.182724015478536,1.9211441617660976,0.6979426780776151,0.02952427313342816,1.0
15,2021,10,06,36,15,Y,N,2,0.32458078896964,0.04097125979449564,1.1217892410685026,0.38357779364858346,0.2453274208498634,0.8629531008668102,2.099922947735408,2.3195555180354135,0.6661610449065111,0.02618132007107334,1.0
16,2021,10,06,36,16,Y,N,2,0.31167374627321603,0.04489706242241873,1.1459644000630225,0.33549716099780297,0.23298401892495466,0.9501349195974601,2.7607150966239478,3.083545729582554,0.6636921523520765,0.039962366356960204,1.0
17,2021,10,06,36,17,Y,N,2,0.3108993512934901,0.04659073408039935,1.120536322283381,0.33275626044524703,0.23155554548932672,0.9866126852130858,2.1065020138196973,3.164561402355724,0.6730763548314891,0.041133500102222276,1.0
0,2020,07,28,10,0,N,N,0,0.27023209157371936,-0.006208207879793001,0.6475038750380272,0.3860756350675441,0.8920906445489034,0.4380270430003742,1.0903171842770643,3.706478321250353,0.8883976556512749,0.09141872028773065,1.0
1,2020,07,28,10,1,N,N,0,0.27180201227435635,0.024450126899902936,0.6813227573243996,0.40576749326255085,1.2543723197257863,0.17743819828706167,3.278618786401481,1.9196443885926222,1.0131859212616303,0.12169017102343412,2.0
2,2020,07,28,10,2,N,N,0,0.2713716795531735,0.07161806410390598,0.7599710345520215,0.35127609649247893,2.439281768059208,0.13719627444223848,1.743898630897408,1.5232176519904774,1.7564556779025207,0.24706195882153595,3.0
3,2020,07,28,10,3,N,N,0,0.27318136447649605,0.0882312816648689,0.7155548402708166,0.3131570213507948,2.5954839070937537,0.11384446733024148,1.1051564950578163,2.4510111621972177,1.845485776176459,0.3170689802155135,3.0
4,2020,07,28,10,4,N,N,0,0.2828422948839587,0.07877468673439962,0.6981884591913702,0.3125121833356132,2.6413762251014234,0.3330687267153076,1.1301599129201403,1.9941154456106798,1.8583641772612876,0.2579462445916336,4.0
5,2020,07,28,10,5,N,N,0,0.30347757900500427,0.0746795449045435,0.6350979837002722,0.436185125240158,2.808558562379292,0.6522584291281383,2.709806594216498,1.493200327986174,1.9448209710923485,0.2940859200071433,4.0
6,2020,07,28,10,6,N,N,0,0.31974700471851625,0.058953558224900574,0.5968564991033931,0.4147977177026111,2.3353338286558625,0.7840756284417405,1.8911785002457489,2.5056735896299958,1.6008264441679259,0.26188442595335837,3.0
7,2020,07,28,10,7,N,N,0,0.3374218499284615,0.04569556822024366,0.5259399365808083,0.40287375954192106,1.84471585542668,0.7350938128113552,1.4705258251178284,2.0555213358249644,1.4698512875261702,0.1927672152385072,3.0
8,2020,07,28,10,8,N,N,0,0.35314515269277047,0.04313922838436735,0.457382764902596,0.4150542096870843,1.4974905056073342,0.7513897753770614,1.5967128745281112,2.1695623859043054,1.2834603885319962,0.14607822506056498,2.0
9,2020,07,28,10,9,N,N,0,0.3675718201353459,0.046000809329004945,0.43535347005069286,0.4138923986915937,1.206871819694846,0.7692289866725927,1.6263872457275146,2.339707231196108,1.0680767298820235,0.10783565577356921,1.0
10,2020,07,28,10,10,N,N,0,0.3759153936362264,0.04903989449377734,0.4532606999420712,0.39613953140949887,0.9509803519642089,0.557207839284011,2.019373352054057,1.5072932476827388,0.8523009437119502,0.069493077575645,1.0
11,2020,07,28,10,11,N,N,0,0.3791348854603457,0.044408214018041015,0.4667597216007806,0.37404460541735896,0.9762924230766903,0.42900008273109325,2.3439156992329955,1.4076645338557383,0.9188744611403225,0.05803463689111462,1.0
12,2020,07,28,10,12,N,N,0,0.3854230705740493,0.04979673921061459,0.5122579641606976,0.34783474975270867,1.1690156132010872,0.3013260646713365,0.7733830874015062,2.2012962479674316,0.9576975286735033,0.12318814836891495,1.0
13,2020,07,28,10,13,N,N,0,0.38467523529540476,0.041079407974108015,0.6094050517999994,0.3256588031567689,1.338529799125461,0.16635151150530703,4.010559923705891,2.2538590571638313,1.019302663658333,0.13800505569997756,2.0
14,2020,07,28,10,14,N,N,0,0.38499350462636484,0.07086567354591614,0.6886556781861342,0.3097348021158597,2.228240074287424,0.16914512814590277,0.9848708551774629,2.331283010199779,1.3274159261160583,0.23438504839935356,2.0
15,2020,07,28,10,15,N,N,0,0.3787107078795005,0.044067905379600314,0.7588547783287174,0.2933876260963466,1.8431514676206564,0.24452853244845946,4.053473404419721,3.0207903595755496,1.0302492938372816,0.18485469186500267,2.0
0,2021,10,08,26,0,N,Y,0,0.3491638339956007,0.24136101884904798,1.3510908157717008,1.158956044512434,5.034971424547969,0.15007633759029457,23.866781900651674,2.1939940006943592,3.7525598244942264,2.4668843515971006,3.0
1,2021,10,08,26,1,N,Y,0,0.34712576805519385,0.13078056844759856,1.12470773175837,1.1163124087722396,5.260673643241331,0.2828207937205434,43.921678752701396,1.7054207727335362,3.46991477915943,2.7377983998714877,4.0
2,2021,10,08,26,2,N,Y,0,0.334113276532108,0.187493300347803,1.196535788078051,1.0438505798796622,6.355526689254121,0.3410349956342465,25.433572951901926,1.8314798162099724,4.264970592800551,3.31213940053695,4.0
3,2021,10,08,26,3,N,Y,0,0.3204332572388292,0.18288780502051485,1.3203583164022397,0.9731970645086063,6.223844418494177,0.4188218745621709,1.3035160319614212,2.8649981921223304,4.261423887449976,3.4369196141697866,4.0
4,2021,10,08,26,4,N,Y,0,0.3032258340209557,0.17102563605781537,1.4671105659547712,0.921732125493488,5.869593883528155,0.5048899978965494,0.8494720669505412,3.0195911289852533,3.856075170067713,3.478721761650901,4.0
5,2021,10,08,26,5,N,Y,0,0.2840351354853958,0.1679522899016639,1.6748646210460107,0.847475067999225,5.843930298743854,0.5520267386692802,1.005345727736503,2.580902471661346,3.8120742891685473,3.423039076296863,4.0
6,2021,10,08,26,6,N,Y,0,0.2621818195777193,0.16615281202796464,1.832657817022036,0.805883415209685,5.780443183912104,0.6071777310036951,0.9861777188157259,2.2955474510453966,3.696938150828098,3.300121878234934,5.0
7,2021,10,08,26,7,N,Y,0,0.257967867213476,0.1666751327528209,1.9332979713259038,0.7404414438196479,4.1245511324263076,0.5435811299054591,24.905210711012558,2.0770162332138384,2.9647224467953577,2.151645776396669,4.0
8,2021,10,08,26,8,N,Y,0,0.2653986792195651,0.01875465032524753,1.651982728620161,0.7087207580309386,2.3455276292396796,0.5197010097378773,14.186790097213933,2.532863594818249,2.1317148204266867,1.0564984758474025,3.0
9,2021,10,08,26,9,N,Y,0,0.2517701357955923,0.03275275117285239,1.6487088909202385,0.7618028321721197,2.147856216239429,0.4518153679585249,9.23864401001403,2.418636378234468,1.967401121441021,1.1851753107853304,3.0
10,2021,10,08,26,10,N,Y,0,0.24213467568701186,0.08883855146145435,1.688595705871063,0.6448756041858028,2.355906562180436,0.36776958878835864,3.8427363932144463,2.1685387502125324,2.3914347093872514,1.1289593551874062,4.0
11,2021,10,08,26,11,N,Y,0,0.2433299723350231,0.09259891059834724,1.5294773331926172,0.5969309746645318,1.5618072091135016,0.17168321636615444,3.7268892675698706,2.6058011313935983,1.8839671117256462,0.7049935366957656,4.0
12,2021,10,08,26,12,N,Y,0,0.23323579314229806,0.08802873830695337,1.5128238043594013,0.6670515368212802,0.7377918091861433,0.2522226220861398,6.4420647693705,3.3727868752130483,1.3033013844831327,0.42967668072583587,1.0
0,2021,08,03,07,0,Y,N,0,0.2531859920501326,0.030127405621328547,1.468513575652714,0.6546688979858155,0.43196907440622734,0.27635012858664054,2.967345900496167,4.168922467692489,1.3444220036987555,0.16936475198624,1.0
1,2021,08,03,07,1,Y,N,0,0.25895740770323733,0.02445192771807009,1.5082767637096015,0.6352705562142598,0.4417509797919881,0.2551988728513271,4.402827902888389,3.082958954443659,1.3828326296255347,0.14910098102547167,2.0
2,2021,08,03,07,2,Y,N,0,0.26434863779720275,0.0375737989317306,1.3231959506307507,0.7334950685684863,0.4374749634465311,0.38682435540940535,2.986589701672776,3.10344607094404,1.3225665589282058,0.17683225090995514,2.0
3,2021,08,03,07,3,Y,N,0,0.27253988754007114,0.03788512673752467,1.1738503548516694,0.7349011251427111,0.5201144846469464,0.31027470020557407,1.1987632428840704,2.1120511181542283,1.2362173658506936,0.21749052210070532,2.0
4,2021,08,03,07,4,Y,N,0,0.2823497323990905,0.03811849070930299,1.1181389098449341,0.7293007699428178,0.5107132780468003,0.38622816146313194,0.9990060902197155,1.473740201594921,1.0235498395721585,0.19929080975593821,1.0
5,2021,08,03,07,5,Y,N,0,0.28908647942757887,0.029441117503505858,1.1180773349652267,0.6571399955209734,0.43947608297579777,0.4131718120236476,1.0644978071602553,1.9266748345695712,0.8825031209404915,0.15275782374689897,1.0
6,2021,08,03,07,6,Y,N,0,0.28951871623714404,0.021578698521835034,1.1204405458430116,0.6911425708004945,0.4005768326577598,0.1831267827437893,0.6181748012841575,1.963746638261874,0.8554632574687552,0.12157900602512177,1.0
7,2021,08,03,07,7,Y,N,0,0.2846545833791719,0.017967270889710927,1.195395585370745,0.747010713155355,0.391586581636667,0.11333804896383656,0.7745830938928485,2.485026279516438,0.9396002146132055,0.13260365476061733,1.0
8,2021,08,03,07,8,Y,N,0,0.28087339730042266,0.026319376843331344,1.3140461971568291,0.8144007938565291,0.37084057747531896,0.1014782224228918,2.328029773331744,2.20375763213029,1.031375527517924,0.14734000972705608,1.0
9,2021,08,03,07,9,Y,N,0,0.2608849217268156,0.02137246542415266,1.4609021961157382,0.8247106319581834,0.2508906865258786,0.09260560816515274,10.14033119801387,1.8767929903636797,1.4018149021074626,0.0642673709973896,2.0
10,2021,08,03,07,10,Y,N,0,0.2598451653229985,0.020418831663322874,1.27072137620457,0.871137105202593,0.3198329520807118,0.17759687764494494,10.002612279344273,2.675131417683848,0.9524307761760814,0.1227389099975796,2.0
11,2021,08,03,07,11,Y,N,0,0.2647302704887905,0.02515757247555511,1.5561656673298871,0.880830376954329,0.30750696006387157,0.24418871663963462,2.5217748175998733,2.227849229500088,0.920830642721377,0.16960832686649416,1.0
12,2021,08,03,07,12,Y,N,0,0.2736795667269588,0.018183305052069405,1.7146335329763687,0.8731059752209415,0.3379180263152106,0.3911181193522935,1.9130593668510518,1.5131595550570005,1.0279057338754098,0.23701564924264093,1.0
13,2021,08,03,07,13,Y,N,0,0.27328414953094393,0.015996956828646113,1.9047910755378252,0.8571337875994139,0.32131108421791754,0.47882954141956313,1.5863733621108347,2.281528544976779,1.028459400066669,0.25157491153747097,2.0
14,2021,08,03,07,14,Y,N,0,0.26666645125175004,0.012974474920344446,1.9797628072198454,0.7938269650179833,0.3079834322364711,0.5025222534898344,0.9750130874542854,3.125519835474069,1.0233252812920803,0.24904511590765901,2.0
15,2021,08,03,07,15,Y,N,0,0.2763745120703593,0.01287940410268928,2.104913414016983,0.7260227189323798,0.31087451348288775,0.4220495857013155,5.26872730224065,2.082381833640415,1.123278366228734,0.1308818029007742,2.0
0,2021,10,06,38,0,Y,N,0,0.20426551942103158,0.06273259406677602,0.8587123222935107,0.5373888688584217,3.2312897391871496,0.13443014445623386,2.117771184465178,2.9450859044003086,2.3059363829011166,0.5018947719527326,3.0
1,2021,10,06,38,1,Y,N,0,0.20773973697511883,0.0582022318082968,0.9021644600423399,0.5146028236690323,3.053867343239805,0.20934037142124265,1.5865282404671122,2.132901966454598,2.229777715213356,0.6105036672418708,3.0
2,2021,10,06,38,2,Y,N,0,0.21362743649823399,0.05498565393525,0.9229602441685055,0.4816894929739926,2.996315634559787,0.354634460499173,0.5842403754209331,2.3002202625448738,2.0990719331332275,0.6011705228789933,3.0
3,2021,10,06,38,3,Y,N,0,0.22140345411250592,0.04799383509571395,0.9252386273455647,0.46324530919621776,2.8646159045306234,0.3489180909231254,0.6344209754865225,1.6395571420634787,1.9471413787863876,0.4991146633012868,5.0
4,2021,10,06,38,4,Y,N,0,0.2296206577044824,0.042911131823987085,0.9559433504588996,0.4581677577342489,2.8161242994314577,0.35264996604990356,0.6299134018645869,1.4188144764950208,1.8056945875222927,0.42767520449712765,5.0
5,2021,10,06,38,5,Y,N,0,0.23701558324653893,0.039100997909851096,1.0059175707865002,0.4448155603503482,2.822365123563059,0.355192365645375,0.5015205969628566,1.8666087187505034,1.601942758752696,0.3815302621777265,4.0
6,2021,10,06,38,6,Y,N,0,0.24457389259078857,0.035216162813579886,1.061200783502452,0.4275906430999172,2.859551599671343,0.3357293259637718,0.6365857134530186,1.8157820134218832,1.4535951818196307,0.38200344878046477,4.0
7,2021,10,06,38,7,Y,N,0,0.25122133216784026,0.025716436144365723,1.1246548337430566,0.46240756983815945,2.9808676037614363,0.2600493464937642,11.192839021171132,1.7015907777761414,1.824054526722848,0.4279130256050802,4.0
8,2021,10,06,38,8,Y,N,0,0.24516417679761265,0.05763902520535892,1.2071610440029248,0.47886438423349875,3.3803857064735623,0.16811559153395933,0.7668364355267648,1.5156701724621562,1.6622144444985298,0.5729191789935569,5.0
9,2021,10,06,38,9,Y,N,0,0.24686074825571777,0.07573658822015339,1.3852333918861928,0.5004837252702402,3.774897308051106,0.11716627905822467,8.629872072811485,1.6284870636172075,2.3820751299564065,0.5110674600346122,3.0
10,2021,10,06,38,10,Y,N,0,0.24265991874716145,0.110562762696742,1.3922231951792405,0.479207786591164,4.20079755175227,0.19165792036128282,4.880460742512116,2.1354188261354574,1.5392140665873952,0.4678977741447285,4.0
11,2021,10,06,38,11,Y,N,0,0.27117044804317375,0.06580217592806133,1.0971218249998012,0.49918294742666447,3.7125401467722448,0.2382813733959852,4.157136017022812,2.6497665206586807,1.8010195710897994,0.31753581964051997,3.0
12,2021,10,06,38,12,Y,N,0,0.2832254772682279,0.060968391641763466,1.0797778412787795,0.49901311533719683,4.056140329938891,0.24967375705705014,1.15444519691319,2.049971212595338,2.2821894836463117,0.2939077951216612,3.0
13,2021,10,06,38,13,Y,N,0,0.2871972691979312,0.0928820018566552,1.171269945221447,0.49700437216791893,4.686713360065629,0.24488166705846667,1.9737355164820745,2.2858102530236533,2.702801381159634,0.40306302819724743,3.0
14,2021,10,06,38,14,Y,N,0,0.28420810092924387,0.1267432254426276,1.2475856844925985,0.5184934675583118,5.4029632356885635,0.32148705532828414,1.2814568890225289,2.624105536062917,2.928211418345653,0.5714389018789583,3.0
0,2021,08,03,17,0,Y,N,2,0.060007106329691945,0.020341694546946808,1.293127985581657,0.6891134504262867,3.148408342122234,0.7797224473018641,3.8456726063296722,4.126713522937779,1.8400329038292582,0.7658188316316568,5.0
1,2021,08,03,17,1,Y,N,2,0.0591475338876914,0.021761980224198924,1.0957888759902263,0.6284583809386538,2.887201481976652,0.6774705886562009,2.8291837937282076,3.1820544941433027,1.7809544960411041,0.6435533428761238,4.0
2,2021,08,03,17,2,Y,N,2,0.06337396053135236,0.015234998040415592,0.973694459182167,0.47855420397534193,2.7451262090671835,0.5858305117130777,2.6440475732567177,2.7989505158379457,1.687276938981725,0.3908922829147822,4.0
3,2021,08,03,17,3,Y,N,2,0.06355833500172145,-0.013949232543337154,1.0224871963922961,0.48275272982151307,2.499486648722788,0.5336057860327523,7.858223048130732,2.1613862207395025,1.547415762650177,0.27432067106572994,3.0
4,2021,08,03,17,4,Y,N,2,0.05409514277459477,0.011859854672882844,1.183524781355467,0.47873720313075047,3.088034305235446,0.5736717426775682,15.957358927986022,2.7550305792025656,1.8500554962213662,0.25981552755400283,4.0
5,2021,08,03,17,5,Y,N,2,0.05259446658337433,0.021489024118685283,1.4634675696344457,0.495117313747585,4.1418334900056974,0.5427054388252225,4.455282181437914,3.4345195279752065,2.3590506874891015,0.23288288440387572,3.0
6,2021,08,03,17,6,Y,N,2,0.05464081172589761,0.03646880394432403,1.4260056481382335,0.6034568482522991,4.538397556070248,0.503141682693807,10.89677556139498,3.737435746253873,2.0776446730672897,0.3078219466929979,4.0
7,2021,08,03,17,7,Y,N,2,0.09386862474732069,-0.08934809892623316,0.8648462134250359,0.5543023573728817,2.798677664941149,0.5457603498916199,1.950028375111764,3.82829461123872,1.1030825945466662,0.06404981856616679,3.0
8,2021,08,03,17,8,Y,N,2,0.10010274394566718,-0.09865146392911918,0.8570865834228425,0.589126645051292,2.559399548478113,0.3390816852142917,6.229870066178142,2.338845304291263,1.0075489579537367,0.07659428031862911,3.0
9,2021,08,03,17,9,Y,N,2,0.1161634050496819,-0.12952009949748666,0.9340139278933606,0.5915501543081244,2.5867825676567135,0.24899764807999378,3.806587355882028,2.5752498544549534,1.1758380986891435,0.1148234777976295,3.0
10,2021,08,03,17,10,Y,N,2,0.12133556281432603,-0.1262311265315526,0.947334611687771,0.6000370604863169,2.404780642067375,0.2971386306462332,3.471535711898167,1.6946028516453966,1.290599437938754,0.1624108842664195,3.0
11,2021,08,03,17,11,Y,N,2,0.13941269981738355,-0.08140947735931625,0.8154738293629427,0.6574252380214984,2.7957113309291777,0.2779592368684932,8.963442537578763,1.169776525596449,1.5105012260006743,0.292625657756082,3.0
12,2021,08,03,17,12,Y,N,2,0.15436767051724853,-0.10068362233512433,0.8930712580036797,0.6729584501176531,2.650350847558926,0.2296404705337868,7.551403322057203,1.2939115401539898,1.8171973879497954,0.19366510247995733,3.0
13,2021,08,03,17,13,Y,N,2,0.17575743812002412,-0.08668241707407653,0.9444195591766477,0.776308444047625,2.724342629985057,0.17096864408720286,3.95638246421681,2.1521682577958687,1.7429257396336313,0.4578788892759778,3.0
14,2021,08,03,17,14,Y,N,2,0.17173929237339855,-0.029155426696182755,1.2058813840197375,0.6775770723044758,3.4933657440598505,0.20531148534365426,13.003904650873494,2.350745770521749,1.5161173055428072,0.5041487184235688,4.0
15,2021,08,03,17,15,Y,N,2,0.16409738782175617,0.010631049875684048,1.4392460887285226,0.6126518976940225,4.056391431779057,0.37919321751516577,6.720162098520567,1.9852556356630642,1.8311993644107802,0.49419534334788995,4.0
16,2021,08,03,17,16,Y,N,2,0.16889486319853703,0.003993345652201794,1.4805926713358233,0.5085860470999093,3.8758139884093983,0.24964588815596073,15.366381037596867,1.7212323031635546,2.10833470040236,0.38514114685924955,4.0
17,2021,08,03,17,17,Y,N,2,0.18379157477642855,-0.007312770440425632,1.3317441669259287,0.4627403551587608,3.086000589351153,0.2777641082790176,13.132607126254978,2.343844853451001,1.8481674197665525,0.4131717881178718,3.0
18,2021,08,03,17,18,Y,N,2,0.19594120696682624,-0.021241909582508205,1.3047773328351706,0.45072116575675886,2.702941528806989,0.4686224334061495,7.202369509108092,2.723439679515531,1.6172225431505942,0.3885407763452237,3.0
0,2021,07,07,06,0,N,Y,2,0.30307608477224846,0.061214023104321294,1.7934883260442656,0.5400859360978115,0.47210338403959307,0.4249061077934815,7.375872897249783,3.685974819322896,1.2038378896974364,0.2469454053804354,2.0
1,2021,07,07,06,1,N,Y,2,0.3058562115805796,0.06389227855495012,1.7112265076366582,0.5196064833503801,0.5209651386713187,0.4431377662153601,4.940067546228348,2.074407932262587,1.231158446933209,0.24890615788232648,2.0
2,2021,07,07,06,2,N,Y,2,0.29977908544727916,0.05698250260803176,1.5258951788911361,0.6001473970546866,0.502967944847624,0.4807272262938916,5.730328866803968,3.2050914139492566,1.1884651478736392,0.21560411966559057,1.0
3,2021,07,07,06,3,N,Y,2,0.2907392749949715,0.04685794424196546,1.3360485516728142,0.7177089213108666,0.5019165535025482,0.5844602793371211,7.608737691725047,2.7886753134094633,1.181115450433482,0.19615945277431013,1.0
4,2021,07,07,06,4,N,Y,2,0.28640116267377486,0.047560043412163154,1.2537451092971026,0.8057846584268515,0.5361425573465719,0.7628507164943382,5.3791239279998795,3.594833799324406,1.2064228376720465,0.20967403937807186,1.0
5,2021,07,07,06,5,N,Y,2,0.272689844516516,0.055529087065368646,1.0877629683545331,0.8102255998005591,0.5535928910488739,0.8605969432397563,4.774911445050471,3.2844504078375194,1.1944078312136048,0.21211452750376208,1.0
6,2021,07,07,06,6,N,Y,2,0.2656836358050432,0.05927412642620557,0.9887645693381895,0.7709106706503405,0.5289384014536683,0.7982108069089299,6.463951553531711,3.1368686442565727,1.1651380629277754,0.1543934900936363,1.0
7,2021,07,07,06,7,N,Y,2,0.2557832137612676,0.05762033347030095,0.9839604781063391,0.7247734224120855,0.4398945288836826,0.6604977631751395,7.316906797232952,2.241477214580103,1.0521229780950754,0.11559138523440801,1.0
8,2021,07,07,06,8,N,Y,2,0.24704694310152722,0.07097728521531027,1.006058777034813,0.7009223269797673,0.6360410371530524,0.5982668389929111,8.9086991777285,1.5202907715035945,0.9830931841967642,0.11564310132470562,1.0
9,2021,07,07,06,9,N,Y,2,0.2537116326578028,0.05524980861627283,1.1518031854891209,0.6751287210175988,0.4845295965053054,0.6216186567021605,5.563716089249091,1.6681225460501443,0.971459416231221,0.10951802315562813,1.0
10,2021,07,07,06,10,N,Y,2,0.24466333117261624,0.06623867778041845,1.1583899720023731,0.67814491064012,0.5562035957972808,0.8037565103011334,2.6975375461655307,1.9526906468504623,0.9406939735133357,0.15811748412467017,1.0
11,2021,07,07,06,11,N,Y,2,0.2422106254609107,0.05181297953468434,1.2981042334821298,0.696933272398044,0.31620075575524637,0.6606848800857844,6.853718659250308,2.5733915208722555,1.0670687764411664,0.09851675340240462,1.0
12,2021,07,07,06,12,N,Y,2,0.22725427322496958,0.05705152950966763,1.3185871343040432,0.6863578730904443,0.3695350686920658,0.5034203852576281,9.003093336048126,1.7525998158062182,1.232205172081576,0.09769768069052727,2.0
13,2021,07,07,06,13,N,Y,2,0.23851195829253455,0.05355682215393687,1.3291767063312288,0.8530549643719264,0.3698750158352241,0.5691593726445037,7.010727902945781,1.9864229157751225,1.0569853048372844,0.14295556421556888,3.0
0,2020,07,28,29,0,N,N,2,0.1883195827145904,0.11152077264672676,0.4051269579157992,0.2910276456130389,2.684705143802841,0.8501955574481388,2.6681997119012366,6.530120402972702,1.0735006712208552,0.10213480291350195,2.0
1,2020,07,28,29,1,N,N,2,0.18921142896200252,0.11742697916755562,0.4122763209225267,0.21515727286940925,3.0425449757920586,0.8520491879333306,2.529146900132656,5.865171852884069,0.9313603873675642,0.06341203921249167,2.0
2,2020,07,28,29,2,N,N,2,0.18845997258970662,0.1351209549453428,0.4189054471569732,0.2680304280458041,3.4586601548027445,0.8014962593882646,12.257987993220288,5.0968499257752775,1.349434267355144,0.08786424482052622,2.0
3,2020,07,28,29,3,N,N,2,0.1928290184168429,0.18096638007616772,0.4733510623117645,0.2943981445610948,4.475148789222286,0.6735843744546703,14.366411237358543,4.934684906468637,2.2321386395492198,0.11713289250485255,3.0
4,2020,07,28,29,4,N,N,2,0.20295006516781408,0.13814618051451844,0.5912743522918918,0.2411231805835572,4.5128539188528185,0.6008994621790993,16.01582385460444,4.989312974226183,2.4769282947953375,0.11148945644035659,3.0
5,2020,07,28,29,5,N,N,2,0.21195738558286126,0.05122104680066199,0.6184090571767018,0.08202855644713979,2.8613804876406164,0.721548655274836,2.9516354797797457,6.111175168685444,1.7986091132885569,0.02201956104802223,3.0
6,2020,07,28,29,6,N,N,2,0.20981505078298013,0.2271773885049889,0.5407902356843565,0.5320795645701052,6.2741087127561395,0.8383212148909053,10.984192399758925,6.239063645403033,2.9779313105214564,0.27536770074042116,4.0
0,2021,08,03,21,0,Y,N,0,0.36817475834555696,0.028488021806447272,0.8120229106971208,0.6079362489834756,0.45636801637867347,0.5013606414710133,2.862359336877187,3.427705609443058,0.9434233608714266,0.0971230499275127,1.0
1,2021,08,03,21,1,Y,N,0,0.3637304442027925,0.029988209378229436,0.6664673414254703,0.6205797994914565,0.4953543421062971,0.49184996066954306,3.195193590037921,2.917165301437395,0.9204526999440785,0.08294181840362004,1.0
2,2021,08,03,21,2,Y,N,0,0.3596397318483794,0.03810875515365736,0.6167243732393569,0.6739368991928955,0.523567371233555,0.39616253428399995,7.932815375661969,2.193610867420871,1.0175142957437924,0.06136306316847363,1.0
3,2021,08,03,21,3,Y,N,0,0.3488649079190059,0.040666607376323674,0.6261741524399198,0.6921176676051877,0.6439526990702211,0.38069405480340807,8.827524817187207,2.3470831679825475,1.0620204704579614,0.06675152184794399,1.0
4,2021,08,03,21,4,Y,N,0,0.35590842780033644,0.03538807416363354,0.7072079734319946,0.7177089695276205,0.57577010115346,0.3325106454749377,11.089808082813366,2.526267829722817,1.0878353685934345,0.05369212242640671,1.0
5,2021,08,03,21,5,Y,N,0,0.3359067819971062,0.014160358311630449,0.9163395890737686,0.7344809926341056,0.5777598692492996,0.5086522629675868,8.31764690796681,2.3670002707838416,0.8531823308899001,0.07080468278100865,1.0
6,2021,08,03,21,6,Y,N,0,0.31056846429737717,0.004750845394864821,0.9001398084509189,0.8330188977660784,1.457616511829108,0.7152738409897286,5.378369271066809,2.9542575008496015,1.6079292647523244,0.28108630921188527,2.0
7,2021,08,03,21,7,Y,N,0,0.29073283889396223,0.015136854410782427,0.9128099744551655,0.8306501866047293,2.335001010162719,0.9099085818475339,3.9455124006461957,3.2497880811324285,1.8151912108039425,0.4440406046984051,3.0
8,2021,08,03,21,8,Y,N,0,0.2620192283776341,0.019410337149079873,0.9192381746281519,0.8757809644474736,2.9123652732971723,0.9322430868094306,4.112892921869204,2.5015989188507173,1.950055687053436,0.4567378498914722,3.0
9,2021,08,03,21,9,Y,N,0,0.2486910765857126,0.013098145732240243,0.8568087868581031,0.8575275033888266,2.6734157675658934,0.8074569006105226,3.8082945934599346,1.727513709144302,1.9002565080101246,0.4104928725632111,2.0
10,2021,08,03,21,10,Y,N,0,0.23260668399013099,-0.0056042621316781515,0.8801468713921475,0.7177270895684271,1.878611356400251,0.7096816881494687,5.24552818168009,2.405088196829593,1.3939883485336495,0.3222281920184326,2.0
11,2021,08,03,21,11,Y,N,0,0.22011980400952105,-0.024680670965237475,0.9276777127304283,0.48867133450379757,0.9588488783579779,0.7366585048739424,5.56529357021864,2.368597919925897,0.8903267294964019,0.1272282842005649,1.0
12,2021,08,03,21,12,Y,N,0,0.20274495954587302,-0.010488682939998021,0.9257481102396269,0.4050173335334924,0.8350678325580481,0.717735590069196,3.4733700122168414,3.03093880928167,0.908793593714211,0.12590538698761503,2.0
13,2021,08,03,21,13,Y,N,0,0.18201112235069022,0.009097264272723131,0.9308374483754076,0.3174037685900229,0.7263727635276657,0.8124922557283144,2.266090285581317,2.0578803512810846,0.8467047135578445,0.10143325860856219,1.0
14,2021,08,03,21,14,Y,N,0,0.1634674382234811,0.025011961891925585,0.91821679559129,0.3078881112231381,0.7632730078656299,0.8047531200997011,3.2547889642638927,1.7652973845134439,0.8485553455316336,0.09738217379970195,1.0
15,2021,08,03,21,15,Y,N,0,0.1504381601721909,0.01990149515564439,0.8819758808026519,0.31048961958381954,0.6188479871055973,0.6520226932118004,6.050006877408193,2.175518145454117,0.8733732784136601,0.0824656379518804,1.0
16,2021,08,03,21,16,Y,N,0,0.14359202727384052,0.03379775066687188,0.7604425029617017,0.44048284499217844,0.74591919245229,0.5796027636513088,3.4424281518452315,2.991599030208113,0.9679699229254025,0.1219898119091654,1.0
17,2021,08,03,21,17,Y,N,0,0.14505173464237278,0.019333377113730215,0.6790862517716822,0.4681852296311105,0.7361093588381846,0.29087780395956997,2.4162520169450556,3.018284524668529,0.8568544628156317,0.06769709776031622,1.0
0,2021,10,08,15,0,N,Y,0,0.3318227331144515,0.109036656247668,1.2544043246027805,0.30596742605954347,2.1023499331640436,0.3434992831025201,10.356200598429583,4.5480284679340475,1.7502913255113828,0.1453833112427367,4.0
1,2021,10,08,15,1,N,Y,0,0.3242397902386305,0.10630692466404507,1.42752701666721,0.19084664583399233,2.8258181967220515,0.4701280354135259,4.728628025085459,1.6484700194749398,2.0766026851731927,0.40434774634624265,4.0
2,2021,10,08,15,2,N,Y,0,0.3210129736286374,0.10508668312450543,1.7265815117722996,0.38460888783393105,3.3943888778998255,0.2700125769873501,11.856462349187082,1.4698630212806576,2.4465150018923327,1.1589085960790828,5.0
3,2021,10,08,15,3,N,Y,0,0.32334024517493704,0.03974607478254246,2.053799217242175,0.34653396133981806,2.9883225126597694,0.2668035573077539,21.927009176397572,1.1612234926122234,2.470076929357501,0.9487711209097215,6.0
4,2021,10,08,15,4,N,Y,0,0.3013836233326714,0.14711960255993514,2.213961224004554,0.4621826929240602,5.3103906112212345,0.4071534969660458,18.932939028007915,3.1615572998689134,3.5339250113367813,2.324245997218962,6.0
5,2021,10,08,15,5,N,Y,0,0.2969284806840489,0.19524285986329032,2.236570515846792,0.662619193761165,5.8794745562881845,0.13378714899837,12.768875497764725,2.1548419070846005,3.7740214901942566,2.76463377638268,7.0
6,2021,10,08,15,6,N,Y,0,0.30942634525667484,0.17842657013364646,2.132243850840181,0.976748034920422,6.444086467812002,0.30019016055180137,1.7566090379721147,1.7245567717596662,3.1441992917900605,4.1033225788791405,6.0
7,2021,10,08,15,7,N,Y,0,0.2988473785170386,0.22082113312036925,2.175946108745567,1.176530045406409,7.841235783981631,0.5710903761314574,1.9402463872608662,2.166380153055851,3.4680244261513886,6.841397066940166,6.0
8,2021,10,08,15,8,N,Y,0,0.3187197260724339,0.08736889926791411,2.1756434802319258,0.7979924953792092,6.922268671975478,0.6449545443806852,20.811830304835734,2.4859966160483284,4.26556572396138,4.201535152722414,6.0
9,2021,10,08,15,9,N,Y,0,0.288172367588797,0.17519048293443784,2.16420916417013,0.7433107483275858,7.147251084382961,0.5986526303226898,11.886978906721646,2.0592834839693426,4.8998326043473535,3.811349822855847,6.0
10,2021,10,08,15,10,N,Y,0,0.30778440846193367,0.19625760099329315,1.806817262850331,0.6505597496502347,7.411371000871548,0.5066077818062551,21.860206394305493,1.9276233387973272,5.21729546149966,2.900234475732334,6.0
11,2021,10,08,15,11,N,Y,0,0.310080810431685,0.11734251902589071,1.5997482374852074,0.5407238101276848,6.86228042468904,0.3657806360671674,15.345900383935897,1.7082736881619207,3.970314050958922,2.155819117321026,5.0
12,2021,10,08,15,12,N,Y,0,0.29442564166713686,0.1266504761733549,1.5092804362108336,0.39012505396605207,7.000413570954552,0.13595756211505264,13.877728791891357,1.8167656343694165,4.0601802266455955,1.5751008213143474,6.0
13,2021,10,08,15,13,N,Y,0,0.2921116120420064,0.11014508965125298,1.4778577870870337,0.2171727265059681,5.8285158252919915,0.10463949848421986,100.15915271982387,1.9165695780327288,4.146818860255286,0.4366175036608016,6.0
14,2021,10,08,15,14,N,Y,0,0.29937370272128766,-0.010224069287174519,1.54681250738723,0.3879400451213442,4.4807922240987255,0.27718438424666253,46.447999842075895,3.217266196047768,3.1225080195270936,0.736214625998813,5.0
15,2021,10,08,15,15,N,Y,0,0.2920881127638871,0.015571241097123635,1.7495003694661861,0.4346854313122959,4.727210536421441,0.4371898410814686,84.2329131064005,3.45725356252711,2.834907048220009,1.1109005320175658,4.0
16,2021,10,08,15,16,N,Y,0,0.2892753043006705,0.001331716581552902,1.902360235472307,0.4398787151899497,4.75807175527702,0.4883144643847787,60.30537581032809,3.126958390513671,2.7244440967956276,1.4625125491248578,5.0
0,2020,07,28,11,0,N,N,0,0.28948522414034683,0.052191147037853165,1.492802396598466,0.6963001287240045,0.3754672566083028,0.22853870874239013,0.6282623046154231,3.007577658197517,0.6629426738390127,0.07184690318290603,1.0
1,2020,07,28,11,1,N,N,0,0.27369845420752514,0.050945731848903636,1.5032179435204924,0.6980146694514424,0.35010875124986857,0.32215470249366257,2.0108413957705586,1.5985301755864523,0.7769705717378668,0.0692764970443191,1.0
2,2020,07,28,11,2,N,N,0,0.26024310787558436,0.05913457530254482,1.4887768436816855,0.7261175280143408,0.5011571996592734,0.3293941456369107,3.3529377692702997,1.688469669655456,0.947987196326332,0.07613231973728958,1.0
3,2020,07,28,11,3,N,N,0,0.26674920171348526,0.05930939630537408,1.3557778592578869,0.7957039091917992,0.5763099571118959,0.17794939556898787,5.560715289140965,2.8383900545272205,0.9157409613140818,0.10384457096273944,1.0
4,2020,07,28,11,4,N,N,0,0.26834740683515607,0.06264710087895757,1.1439604040395814,0.816757613768104,0.6217318679889935,0.14809490804686806,2.438762544524393,1.5394063114896044,0.894117979171928,0.10193793608569199,1.0
5,2020,07,28,11,5,N,N,0,0.27156752366258774,0.06159324186307809,0.9280274990830246,0.7741165488741942,0.5642809879296018,0.13720818126128198,0.684256127965159,1.5013326323752523,0.7714134281035682,0.06092044704194571,1.0
6,2020,07,28,11,6,N,N,0,0.275237258316526,0.0643209856813246,0.8007982894332961,0.7647162520670008,0.4682164359025046,0.1265566310302917,0.5928183158056993,2.3707465548708475,0.786612777104371,0.06231996750963559,1.0
7,2020,07,28,11,7,N,N,0,0.2815089658731197,0.066483713258273,0.7385031713640737,0.7272489196607042,0.4046130585541326,0.02429015880789311,0.6960703225006547,3.0815698244377963,0.7113827011929044,0.07387958835919055,1.0
8,2020,07,28,11,8,N,N,0,0.29247615698730983,0.0739770557333781,0.7516899483393931,0.7007610980926028,0.3681360516682393,0.11692878663150878,0.890969885731296,3.1281243344649874,0.6631349635489195,0.08388416353799051,1.0
9,2020,07,28,11,9,N,N,0,0.30717463026741987,0.07653503292428301,0.8888152507499023,0.6699439098352201,0.31520101988636356,0.23264963703941055,1.1446092847522684,2.930183166083802,0.7278326075377543,0.08350417435370781,1.0
10,2020,07,28,11,10,N,N,0,0.3242827529950634,0.07578961518095106,1.0887505459549573,0.6219375692094999,0.2611081804142263,0.2796873622127918,2.7715806380922117,1.8291195604359203,0.7706747810007204,0.07412833468906604,1.0
11,2020,07,28,11,11,N,N,0,0.34104417084550037,0.07273126961586622,1.2116926850411815,0.5945144095403375,0.22707922484391088,0.3493666225391072,1.3302658472593023,2.011387200674855,0.9016309708361111,0.0940237479465778,1.0
12,2020,07,28,11,12,N,N,0,0.3559171284676581,0.06223904715672972,1.3729220651856167,0.5884959278122253,0.20287143095090726,0.3519129404829724,3.7949383400692467,2.627194182931299,0.9993875566198601,0.08179416847557676,1.0
13,2020,07,28,11,13,N,N,0,0.3650066131119399,0.06179601303053181,1.5225357270851723,0.6075201702488938,0.23544040386312728,0.2678593297853875,0.8683616150481895,2.465860681085585,1.0217409430178581,0.06509764381922348,1.0
14,2020,07,28,11,14,N,N,0,0.36446782486254253,0.06043896192323415,1.5367681070663832,0.693282296340693,0.38875174241415983,0.25598738247488145,2.957279413720876,4.673128791046018,0.9595429858874095,0.16876857976901544,2.0
0,2021,03,25,30,0,N,N,2,0.1785563175683582,-0.0793626526405798,1.062563011690246,0.45984773043056243,2.0249689245435967,0.5638809466682994,11.467978944341484,3.004582808347245,1.6391271423649671,0.06598908462290341,3.0
1,2021,03,25,30,1,N,N,2,0.1850351516366238,-0.04288724846044917,1.2897538490221803,0.445335142901397,2.2510069663344328,0.49319749836934595,5.67897202394748,2.9706651873441587,2.307490270939572,0.19010292030804277,4.0
2,2021,03,25,30,2,N,N,2,0.18357355097950254,-0.01792688039369835,1.444034289549374,0.31885387163987194,2.4085059216142946,0.4831095924457346,13.390763922427706,1.8443064922889767,2.595810018042994,0.23860461654204887,5.0
3,2021,03,25,30,3,N,N,2,0.19376296594747594,-0.014168277382633548,1.75837404994863,0.0688971730518563,1.2951907161109546,0.35082688611556506,13.3988785857819,2.0013099983861333,3.4413245135900032,0.07920445141440724,3.0
4,2021,03,25,30,4,N,N,2,0.14801273940338025,0.19053685715109986,1.9486657820205453,0.1828880093544684,4.95761328619736,0.40610778501815736,43.607279516302484,2.020744216108048,5.113567194228973,0.4330503474021755,4.0
5,2021,03,25,30,5,N,N,2,0.18034038048019108,-0.00472795031070801,1.7619606422720078,0.2233155288805092,1.8439883199434262,0.4860949407006046,39.15335979051611,2.8481888787601037,2.8186949944396735,0.07024333312162104,3.0
6,2021,03,25,30,6,N,N,2,0.15577646100416787,0.13968162429211936,2.0040151359673386,0.49054583772767657,5.3279541773071974,0.4956083368324729,33.17985012601137,2.7082566274550928,5.200831892320548,0.16725956054747262,4.0
7,2021,03,25,30,7,N,N,2,0.16283789957622333,0.1546772735339718,1.8831307092998808,0.4692027466526864,5.242541755378359,0.4808297025661026,34.594187378814986,3.014151786543796,5.329207625273336,0.13462517011313313,4.0
8,2021,03,25,30,8,N,N,2,0.1647580943545639,0.11910001029446776,1.6940274957722297,0.4788533023719455,5.271951079484942,0.5836812251189955,29.971381582388542,3.2947517475808894,5.203351449166778,0.12640082646448172,4.0
9,2021,03,25,30,9,N,N,2,0.17192277845602214,0.0609535705313689,1.3977039647880891,0.42257263303719605,4.603385924042668,0.698465049813605,22.04086199679952,4.1261350497711256,3.8475008986480024,0.15842192376964573,4.0
10,2021,03,25,30,10,N,N,2,0.1583323015557058,0.07002287657699596,1.4109613741879714,0.3801990766600417,4.363906986514832,0.6535580057634762,7.2807117359971105,3.993424657716825,4.213946323541341,0.13359313473885662,4.0
11,2021,03,25,30,11,N,N,2,0.15654925412753784,0.09327807309174155,1.0958233382933695,0.26288003932104725,3.5561397619987907,0.5672220170890039,42.34890638107536,3.850287147879856,3.6390089676567983,0.09117169878893201,3.0
12,2021,03,25,30,12,N,N,2,0.14184501134406374,0.15954333109410476,1.1189550978773781,0.30305987931528844,4.020485851783652,0.49934572593501886,71.9589288715323,3.69669101524587,4.089216114043912,0.07333614657037944,3.0
13,2021,03,25,30,13,N,N,2,0.12734760597631303,0.14753776836043392,1.151388257421586,0.4265008688866276,4.430699572122831,0.5520010877985649,37.951809298167284,3.6944992055076202,3.6792675834379907,0.11242487755744511,4.0
14,2021,03,25,30,14,N,N,2,0.13013983810412136,0.16418815374645743,0.9645174890505277,0.4584991246452654,4.3683258662278135,0.4648724783527498,19.077967776661307,4.394193880028147,3.1995435106519694,0.0981766883482736,4.0
15,2021,03,25,30,15,N,N,2,0.12736555572957245,0.10840219012341407,0.8648068914118654,0.33246550050319296,3.493911274580009,0.6519175196935121,19.564611808151223,4.093157197412517,1.8936804074792037,0.09799069190395279,4.0
0,2021,03,25,07,0,N,N,2,0.172107458036167,0.22902537781789173,1.59235775943801,0.6397775885495985,5.076127055018626,0.5797453369582196,3.62444853458002,4.265871967741774,2.19852342614154,1.8144371822388374,6.0
1,2021,03,25,07,1,N,N,2,0.18444003903051914,0.27240430100791324,1.8235840927469023,0.6441887412040079,6.11687800237107,0.39509276601961435,8.69862710630286,2.2495344489804325,2.7190473260835897,2.639720758316858,6.0
2,2021,03,25,07,2,N,N,2,0.2120868849210801,0.21858900755267024,2.0110082018419835,0.6750031552404109,6.096536800919276,0.48694729519199187,36.185178203283684,1.9614901035311816,3.6531892601185616,1.611763253828161,6.0
3,2021,03,25,07,3,N,N,2,0.27815025391395815,0.014293849376445997,1.6203345871491197,0.5235866596222062,4.29181392471473,0.4018574811111965,20.11462441719144,2.1255172561272957,2.5822841240162395,0.4484727567660653,4.0
4,2021,03,25,07,4,N,N,2,0.2658326207210599,0.08056826391028474,1.9252670621635648,0.6048380610244934,7.215121924431278,0.6274618977918777,146.62965071112302,2.512231311503568,3.2461817741868746,1.21531988642368,4.0
5,2021,03,25,07,5,N,N,2,0.24246615845035302,0.07525057221265696,2.111817097527727,0.5423930017393662,5.759044022412399,0.5845769580457794,17.406342988695464,2.5181633284767417,3.309804738095341,1.282722615539514,5.0
6,2021,03,25,07,6,N,N,2,0.2760295091600388,-0.023704217669073668,1.3197811184411166,0.6919939102272886,4.444450803357068,0.44566768673527113,53.90432196344323,3.388954521172757,3.542537174974811,0.47003530436765867,4.0
7,2021,03,25,07,7,N,N,2,0.23746689086232353,0.06453191017521637,1.3631918125810116,0.5366310074149129,4.128958328755783,0.2844163555793186,11.028041318484963,2.986892079770249,2.3311281643566115,0.6254590629599143,6.0
8,2021,03,25,07,8,N,N,2,0.2544765059141429,0.09942743048233454,1.1000229413810414,0.47591703539488567,3.20718902610223,0.4573125378078182,6.475501350599468,4.21097531470409,1.966967007853835,0.6350404293404542,5.0
9,2021,03,25,07,9,N,N,2,0.26581674535322775,0.0800956678700879,1.0310276623047534,0.4047099245046323,2.6597307018755685,0.446705023706025,1.8263309427948586,2.595011407385501,1.6869156907015477,0.5220191797964816,3.0
10,2021,03,25,07,10,N,N,2,0.2653076195664926,0.117175980764482,1.1421510655767917,0.31437038793899325,2.8006153338461215,0.6396342086035152,11.937804922171905,2.1092527138065917,2.0844804229432676,0.3930085376875794,3.0
11,2021,03,25,07,11,N,N,2,0.2669739004885641,0.11542900468860655,1.1486063163593423,0.31437044920675206,2.7988523383143864,0.7984108039718387,16.748671779443537,2.6857950563749107,1.9410295682691059,0.38706456076040924,4.0
12,2021,03,25,07,12,N,N,2,0.2624542137641081,0.09065576247350339,1.0394679527625534,0.31182154454209515,2.876742815364781,0.9392027437126041,5.826825344657755,3.33708739772813,1.686924395742244,0.4132618681904123,4.0
13,2021,03,25,07,13,N,N,2,0.24945243469894302,0.08930304176734272,0.9415003706031184,0.3091564076475014,2.8343990260511407,0.9886287253188686,2.805600604293728,3.556673589568326,1.3594713228303064,0.4025048313263932,5.0
0,2021,03,25,30,0,N,N,2,0.1785563175683582,-0.0793626526405798,1.0625630116902463,0.45984773043056243,2.0249689245435967,0.5638809466682995,11.467978944341503,3.004582808347245,1.6391271423649671,0.06598908462290344,3.0
1,2021,03,25,30,1,N,N,2,0.18503515163662382,-0.042887248460449175,1.2897538490221803,0.44533514290139686,2.251006966334433,0.49319749836934573,5.678972023947474,2.9706651873441587,2.3074902709395726,0.19010292030804282,4.0
2,2021,03,25,30,2,N,N,2,0.18357355097950254,-0.01792688039369835,1.4440342895493743,0.31885387163987194,2.4085059216142954,0.4831095924457346,13.390763922427723,1.855867185930595,2.595810018042994,0.2386046165420488,5.0
3,2021,03,25,30,3,N,N,2,0.19376296594747588,-0.014168277382633534,1.7583740499486298,0.06889717305185619,1.2951907161109544,0.35082688611556534,13.398878585781892,2.0135129527856193,3.441324513590002,0.07920445141440723,3.0
4,2021,03,25,30,4,N,N,2,0.14801273940338025,0.19053685715109978,1.9486657820205453,0.1828880093544684,4.957613286197359,0.4061077850181571,43.60727951630248,2.0329471705075344,5.113567194228973,0.4330503474021756,4.0
5,2021,03,25,30,5,N,N,2,0.1803403804801911,-0.004727950310708025,1.7619606422720082,0.223315528880509,1.843988319943427,0.48609494070060444,39.153359790516134,2.8603918331595906,2.818694994439673,0.07024333312162102,3.0
6,2021,03,25,30,6,N,N,2,0.1557764610041678,0.1396816242921194,2.0040151359673386,0.4905458377276767,5.327954177307198,0.495608336832474,33.17985012601137,2.7204595818545796,5.200831892320548,0.16725956054747285,4.0
7,2021,03,25,30,7,N,N,2,0.16283789957622335,0.15467727353397182,1.8831307092998812,0.4692027466526864,5.242541755378358,0.4808297025661014,34.59418737881502,3.0263547409432823,5.3292076252733365,0.134625170113133,4.0
8,2021,03,25,30,8,N,N,2,0.1647580943545639,0.11910001029446776,1.6940274957722297,0.4788533023719455,5.271951079484942,0.5836812251189958,29.971381582388528,2.9545110929578193,5.203351449166778,0.12640082646448197,4.0
9,2021,03,25,30,9,N,N,2,0.17192277845602214,0.0609535705313689,1.3977039647880893,0.42257263303719594,4.603385924042668,0.6984650498136051,22.04086199679954,3.1416879360177745,3.847500898648002,0.15842192376964562,4.0
10,2021,03,25,30,10,N,N,2,0.1583323015557058,0.07002287657699598,1.4109613741879716,0.38019907666004166,4.3639069865148326,0.6535580057634762,7.280711735997099,3.0313690490419583,4.21394632354134,0.13359313473885673,4.0
11,2021,03,25,30,11,N,N,2,0.15654925412753784,0.09327807309174153,1.0958233382933698,0.26288003932104737,3.5561397619987916,0.5672220170890039,42.34890638107533,2.758534006660517,3.6390089676568,0.09117169878893201,3.0
12,2021,03,25,30,12,N,N,2,0.14184501134406372,0.1595433310941048,1.1189550978773781,0.3030598793152884,4.020485851783652,0.49934572593501897,71.95892887153228,2.5806195866744415,4.089216114043911,0.07333614657037947,3.0
13,2021,03,25,30,13,N,N,2,0.12734760597631303,0.14753776836043384,1.151388257421586,0.4265008688866275,4.4306995721228315,0.552001087798565,37.95180929816731,2.5784277769361927,3.6792675834379907,0.11242487755744511,4.0
14,2021,03,25,30,14,N,N,2,0.13013983810412136,0.16418815374645745,0.9645174890505277,0.4584991246452655,4.368325866227814,0.4648724783527498,19.077967776661325,3.2781224514567184,3.1995435106519694,0.09817668834827364,4.0
15,2021,03,25,30,15,N,N,2,0.12736555572957245,0.1084021901234141,0.8648068914118654,0.33246550050319307,3.493911274580009,0.6519175196935121,19.564611808151213,2.9770857688410874,1.8936804074792037,0.09799069190395283,4.0
0,2021,07,07,06,0,N,Y,2,0.30307608477224846,0.061214023104321294,1.7934883260442656,0.5400859360978115,0.47210338403959295,0.42490610779348137,7.375872897249789,3.685974819322896,1.2038378896974364,0.24694540538043547,2.0
1,2021,07,07,06,1,N,Y,2,0.3058562115805796,0.06389227855495014,1.7112265076366582,0.5196064833503801,0.5209651386713184,0.44313776621535983,4.940067546228339,2.074407932262587,1.2311584469332086,0.2489061578823264,2.0
2,2021,07,07,06,2,N,Y,2,0.2997790854472792,0.05698250260803176,1.525895178891136,0.6001473970546863,0.5029679448476242,0.480727226293892,5.730328866803958,3.2050914139492566,1.1884651478736392,0.2156041196655906,1.0
3,2021,07,07,06,3,N,Y,2,0.2907392749949715,0.04685794424196545,1.3360485516728142,0.7177089213108666,0.501916553502548,0.5844602793371209,7.608737691725023,2.7886753134094633,1.1811154504334822,0.19615945277431013,1.0
4,2021,07,07,06,4,N,Y,2,0.28640116267377486,0.04756004341216316,1.2537451092971024,0.8057846584268514,0.5361425573465719,0.7628507164943383,5.379123927999882,3.594833799324406,1.2064228376720463,0.20967403937807183,1.0
5,2021,07,07,06,5,N,Y,2,0.2726898445165161,0.055529087065368646,1.0877629683545331,0.810225599800559,0.5535928910488742,0.8605969432397561,4.774911445050474,3.2844504078375194,1.1944078312136048,0.21211452750376206,1.0
6,2021,07,07,06,6,N,Y,2,0.2656836358050432,0.05927412642620557,0.9887645693381897,0.7709106706503405,0.5289384014536683,0.7982108069089298,6.463951553531707,3.1368686442565727,1.1651380629277757,0.15439349009363632,1.0
7,2021,07,07,06,7,N,Y,2,0.2557832137612676,0.057620333470300954,0.9839604781063389,0.7247734224120855,0.4398945288836826,0.6604977631751394,7.316906797232916,2.241477214580103,1.0521229780950752,0.11559138523440798,1.0
8,2021,07,07,06,8,N,Y,2,0.24704694310152722,0.07097728521531027,1.006058777034813,0.7009223269797672,0.6360410371530524,0.5982668389929111,8.90869917772851,1.5202907715035945,0.983093184196764,0.11564310132470552,1.0
9,2021,07,07,06,9,N,Y,2,0.2537116326578028,0.05524980861627285,1.1518031854891206,0.6751287210175988,0.4845295965053055,0.6216186567021605,5.563716089249091,1.6681225460501443,0.971459416231221,0.10951802315562816,1.0
10,2021,07,07,06,10,N,Y,2,0.24466333117261624,0.06623867778041843,1.1583899720023731,0.67814491064012,0.5562035957972808,0.8037565103011332,2.697537546165524,1.9526906468504623,0.9406939735133356,0.15811748412467017,1.0
11,2021,07,07,06,11,N,Y,2,0.2422106254609107,0.05181297953468435,1.2981042334821298,0.6969332723980441,0.31620075575524664,0.6606848800857844,6.85371865925033,2.5733915208722555,1.0670687764411666,0.09851675340240477,1.0
12,2021,07,07,06,12,N,Y,2,0.22725427322496958,0.05705152950966763,1.3185871343040432,0.6863578730904443,0.36953506869206576,0.5034203852576279,9.003093336048131,1.7525998158062182,1.232205172081576,0.0976976806905273,2.0
13,2021,07,07,06,13,N,Y,2,0.2385119582925346,0.05355682215393688,1.3291767063312288,0.8530549643719264,0.36987501583522403,0.5691593726445037,7.010727902945791,1.9864229157751225,1.056985304837284,0.14295556421556888,3.0
